"","latitude","longitude","V1","V2","V3","V4","V5","V6","V7","V8"
"1",47.4,0.683333,1e-05,0.888993,1e-05,1.4e-05,0.101286,1e-05,0.009667,1e-05
"2",48.5167,-4.06667,1e-05,0.99993,1e-05,1e-05,1e-05,1e-05,1e-05,1e-05
"3",48.5167,-4.06667,1e-05,0.99993,1e-05,1e-05,1e-05,1e-05,1e-05,1e-05
"4",47.35,3.93333,1e-05,0.71695,1e-05,1e-05,0.28299,1e-05,1e-05,1e-05
"5",44.65,-1.16667,0.351254,0.437114,1e-05,0.130215,1e-05,0.008499,0.072888,1e-05
"6",46.6667,4.11667,1e-05,0.670174,0.093524,1e-05,0.219522,0.016741,1e-05,1e-05
"7",46.6667,4.11667,1e-05,0.78047,0.032335,1e-05,0.187146,1e-05,1e-05,1e-05
"8",49.3667,16.2667,1e-05,1e-05,1e-05,1e-05,0.99993,1e-05,1e-05,1e-05
"9",49.4211,16.3497,1e-05,1e-05,1e-05,1e-05,0.99993,1e-05,1e-05,1e-05
"10",49.4112,16.2815,1e-05,1e-05,1e-05,1e-05,0.99993,1e-05,1e-05,1e-05
"11",49.403,16.232,1e-05,1e-05,1e-05,1e-05,0.98112,1e-05,1e-05,0.01882
"12",47,15.5,0.018648,1e-05,1e-05,1e-05,0.981292,1e-05,1e-05,1e-05
"13",40.8313,-87.735,1e-05,1e-05,1e-05,1e-05,1e-05,0.99993,1e-05,1e-05
"14",40.8313,-87.735,1e-05,1e-05,1e-05,1e-05,1e-05,0.99993,1e-05,1e-05
"15",40.8313,-87.735,1e-05,1e-05,1.1e-05,1e-05,1e-05,0.999929,1e-05,1e-05
"16",40.8313,-87.735,1e-05,1e-05,1e-05,1e-05,1e-05,0.99993,1e-05,1e-05
"17",40.8313,-87.735,1.2e-05,1e-05,1e-05,1e-05,1e-05,0.999928,1e-05,1e-05
"18",40.8313,-87.735,1e-05,1e-05,1e-05,1e-05,1e-05,0.99993,1e-05,1e-05
"19",40.9076,-73.2089,1e-05,1e-05,1e-05,1e-05,1e-05,0.99993,1e-05,1e-05
"20",40.9076,-73.2089,1e-05,1e-05,1e-05,1e-05,1e-05,0.99993,1e-05,1e-05
"21",40.7777,-72.9069,0.152519,0.756452,1e-05,0.042957,1e-05,0.048032,1e-05,1e-05
"22",40.7777,-72.9069,0.128441,0.861473,1e-05,1e-05,1e-05,0.010036,1e-05,1e-05
"23",40.9447,-72.8615,1e-05,1e-05,1e-05,1e-05,1e-05,0.99993,1e-05,1e-05
"24",40.9447,-72.8615,1e-05,1e-05,1e-05,1e-05,1e-05,0.99993,1e-05,1e-05
"25",40.9064,-73.1493,1e-05,1e-05,1e-05,1e-05,1.9e-05,0.999921,1e-05,1e-05
"26",40.9064,-73.1493,1e-05,1.9e-05,1e-05,1e-05,1e-05,0.999921,1e-05,1e-05
"27",40.9352,-73.114,1e-05,1e-05,1e-05,1e-05,1e-05,0.99993,1e-05,1e-05
"28",40.9352,-73.114,1e-05,1e-05,1e-05,1e-05,1e-05,0.99993,1e-05,1e-05
"29",42.3,74.3667,1e-05,1e-05,1e-05,1e-05,1e-05,1e-05,1e-05,0.99993
"30",42.1833,73.4,1e-05,1e-05,1e-05,1e-05,1e-05,1e-05,1e-05,0.99993
"31",42.5833,73.6333,1e-05,1e-05,1e-05,1e-05,1e-05,1e-05,1e-05,0.99993
"32",42.8,76.35,1e-05,1e-05,1e-05,1e-05,1e-05,1e-05,1e-05,0.99993
"33",37.35,72.4667,1e-05,1e-05,1e-05,1e-05,1e-05,1e-05,1e-05,0.99993
"34",37.9169,-84.4639,0.23794,0.483978,0.036766,0.031864,0.132862,0.074548,1e-05,0.002031
"35",41.7976,-86.6691,1e-05,1e-05,1e-05,1e-05,1e-05,0.99993,1e-05,1e-05
"36",41.7976,-86.6691,1e-05,1e-05,1e-05,1e-05,1e-05,0.99993,1e-05,1e-05
"37",41.8266,-86.4366,1e-05,1.1e-05,1e-05,1e-05,1e-05,0.999929,1e-05,1e-05
"38",41.8266,-86.4366,1e-05,1e-05,1e-05,1e-05,1e-05,0.99993,1e-05,1e-05
"39",41.8266,-86.4366,1e-05,0.362133,1e-05,1e-05,1e-05,0.637807,1e-05,1e-05
"40",41.8972,-71.4378,0.038544,0.338711,0.013539,1e-05,0.6005,0.008676,1e-05,1e-05
"41",42.3634,-71.1445,1e-05,0.775812,1e-05,1e-05,1e-05,0.224128,1e-05,1e-05
"42",55.3833,14.05,0.750713,0.197096,1e-05,0.04175,0.010155,0.000257,1e-05,1e-05
"43",55.3833,14.05,0.789144,0.027957,1e-05,0.028466,0.1486,0.005803,1e-05,1e-05
"44",55.3833,14.05,0.725196,0.094557,1e-05,0.065466,0.097623,0.017129,1e-05,1e-05
"45",55.3833,14.05,0.725239,0.005794,1e-05,0.059334,0.167381,0.042222,1e-05,1e-05
"46",55.3833,14.05,0.769074,0.142696,1e-05,0.068848,1e-05,0.019342,1e-05,1e-05
"47",55.7167,14.1333,0.664265,0.094948,1e-05,0.036334,0.181545,0.022878,1e-05,1e-05
"48",55.7167,14.1333,0.99993,1e-05,1e-05,1e-05,1e-05,1e-05,1e-05,1e-05
"49",55.7167,14.1333,0.661768,0.050288,1e-05,1e-05,0.287894,1e-05,1e-05,1e-05
"50",55.7167,14.1333,0.73375,0.002047,1e-05,0.015346,0.24849,0.000337,1e-05,1e-05
"51",55.7167,14.1333,0.690388,0.014262,1e-05,0.018481,0.276828,1e-05,1e-05,1e-05
"52",56.7,16.5167,0.543756,0.118835,1e-05,0.160068,0.147901,0.022575,1e-05,0.006846
"53",56.7,16.5167,0.506124,0.091575,1e-05,0.188145,0.198906,0.015221,1e-05,1e-05
"54",59.4333,17.0167,0.253203,0.039396,1e-05,0.630701,0.076661,1e-05,1e-05,1e-05
"55",59.4333,17.0167,0.281836,0.03763,1e-05,0.547341,0.133154,1e-05,1e-05,1e-05
"56",59.5667,16.8667,0.338245,0.066866,1.5e-05,0.442959,0.109727,0.042169,1e-05,1e-05
"57",59.5667,16.8667,0.345873,0.011531,0.001692,0.452429,0.117459,0.040925,0.008021,0.02207
"58",63.0833,18.3667,1e-05,1e-05,1e-05,0.960296,1e-05,1e-05,1e-05,0.039644
"59",41.9,-86.583,1e-05,1e-05,1e-05,1e-05,1e-05,0.99993,1e-05,1e-05
"60",41.9,-86.583,1e-05,1e-05,1e-05,1e-05,1e-05,0.99993,1e-05,1e-05
"61",43.3431,-86.4045,1e-05,1e-05,1e-05,1e-05,1e-05,0.99993,1e-05,1e-05
"62",43.3431,-86.4045,1e-05,1e-05,1e-05,1e-05,1e-05,0.99993,1e-05,1e-05
"63",41.879,-86.607,1e-05,1e-05,1e-05,1e-05,1e-05,0.99993,1e-05,1e-05
"64",41.879,-86.607,1e-05,1e-05,1e-05,1e-05,1e-05,0.99993,1e-05,1e-05
"65",42.405,-85.398,1e-05,1e-05,1e-05,1e-05,1e-05,0.99993,1e-05,1e-05
"66",42.405,-85.398,1e-05,1e-05,1e-05,1e-05,1e-05,0.99993,1e-05,1e-05
"67",42.184,-86.358,1e-05,1e-05,1.4e-05,1e-05,1e-05,0.999926,1e-05,1e-05
"68",42.184,-86.358,1e-05,1e-05,1.6e-05,1e-05,1.6e-05,0.999918,1e-05,1e-05
"69",41.847,-86.67,1e-05,1e-05,1e-05,1e-05,1e-05,0.99993,1e-05,1e-05
"70",41.847,-86.67,1e-05,1e-05,1e-05,1e-05,1e-05,0.99993,1e-05,1e-05
"71",41.8,-86.67,1e-05,1.2e-05,1e-05,1e-05,1e-05,0.999928,1e-05,1e-05
"72",41.8,-86.67,1e-05,1e-05,1e-05,1e-05,1e-05,0.99993,1e-05,1e-05
"73",42.051,-86.509,0.026175,0.297437,1e-05,1e-05,0.145157,0.531191,1e-05,1e-05
"74",42.051,-86.509,1e-05,1e-05,1e-05,1e-05,2e-05,0.99992,1e-05,1e-05
"75",42.051,-86.509,1e-05,1e-05,1e-05,1e-05,1e-05,0.99993,1e-05,1e-05
"76",43.595,-86.2657,1e-05,1e-05,1e-05,1e-05,1e-05,0.99993,1e-05,1e-05
"77",43.595,-86.2657,1e-05,0.032393,1e-05,1e-05,0.047389,0.920168,1e-05,1e-05
"78",43.595,-86.2657,0.002164,0.265398,1e-05,1e-05,1e-05,0.718888,1e-05,0.01351
"79",43.595,-86.2657,1e-05,0.224768,1e-05,0.008422,0.099525,0.66694,0.000315,1e-05
"80",43.5139,-86.1859,1e-05,1e-05,1e-05,1e-05,0.052068,1e-05,1e-05,0.947872
"81",43.5251,-86.1843,0.013761,0.080837,1e-05,0.016146,0.288921,0.46801,1e-05,0.132305
"82",43.5251,-86.1843,1e-05,1e-05,1e-05,1e-05,1e-05,0.99993,1e-05,1e-05
"83",43.5251,-86.1843,1e-05,1e-05,1e-05,1e-05,1e-05,0.99993,1e-05,1e-05
"84",43.5187,-86.1739,0.030333,0.168502,0.005003,1e-05,0.264526,0.449299,1e-05,0.082317
"85",43.5356,-86.1788,0.140573,0.261155,0.039881,0.008369,0.340673,0.008343,1e-05,0.200997
"86",43.5356,-86.1788,1e-05,1.2e-05,1e-05,1e-05,1e-05,0.999928,1e-05,1e-05
"87",42.166,-86.412,1e-05,1e-05,1e-05,1e-05,1e-05,0.99993,1e-05,1e-05
"88",42.166,-86.412,1e-05,1e-05,1e-05,1e-05,1.6e-05,0.999924,1e-05,1e-05
"89",42.166,-86.412,1e-05,0.252676,1e-05,1e-05,1e-05,0.747264,1e-05,1e-05
"90",43.2483,-86.3368,1e-05,1e-05,1e-05,1e-05,1e-05,0.99993,1e-05,1e-05
"91",43.2483,-86.3368,1e-05,1e-05,1e-05,1e-05,1e-05,0.99993,1e-05,1e-05
"92",43.2749,-86.0891,1e-05,1e-05,1e-05,1e-05,1e-05,0.99993,1e-05,1e-05
"93",43.2749,-86.0891,1e-05,1e-05,1e-05,1e-05,1e-05,0.99993,1e-05,1e-05
"94",43.2749,-86.0891,1e-05,1e-05,1e-05,1e-05,1e-05,0.99993,1e-05,1e-05
"95",42.148,-86.431,1e-05,1e-05,1e-05,1e-05,1e-05,0.99993,1e-05,1e-05
"96",42.148,-86.431,1e-05,1e-05,1e-05,1e-05,1e-05,0.99993,1e-05,1e-05
"97",42.148,-86.431,0.042884,0.505853,1e-05,0.016058,0.31786,0.117314,1e-05,1e-05
"98",43.7623,-86.3929,1e-05,1e-05,1.6e-05,1e-05,1e-05,0.999924,1e-05,1e-05
"99",43.7623,-86.3929,0.055666,1e-05,1e-05,0.010828,0.560388,0.024597,1e-05,0.348492
"100",43.7623,-86.3929,1e-05,1e-05,1e-05,1e-05,1e-05,0.99993,1e-05,1e-05
"101",42.184,-86.382,1e-05,1e-05,1e-05,1e-05,1e-05,0.99993,1e-05,1e-05
"102",42.184,-86.382,1e-05,1e-05,1e-05,1e-05,1e-05,0.99993,1e-05,1e-05
"103",43.665,-86.496,1e-05,0.672197,1e-05,1e-05,1e-05,0.327743,1e-05,1e-05
"104",43.665,-86.496,1e-05,0.457153,1e-05,1e-05,1e-05,0.542787,1e-05,1e-05
"105",43.665,-86.496,1e-05,1e-05,1e-05,1e-05,1e-05,0.99993,1e-05,1e-05
"106",43.665,-86.496,1e-05,1.4e-05,1e-05,1e-05,1e-05,0.999926,1e-05,1e-05
"107",42.03,-86.514,1e-05,0.841921,1e-05,1e-05,0.144601,0.013428,1e-05,1e-05
"108",41.865,-86.646,1e-05,1e-05,1e-05,1e-05,1e-05,0.99993,1e-05,1e-05
"109",41.865,-86.646,1e-05,1e-05,1e-05,1e-05,1e-05,0.99993,1e-05,1e-05
"110",50.4,-4.9,1e-05,0.934548,1e-05,0.046432,1e-05,0.01897,1e-05,1e-05
"111",50.4,-4.9,0.184265,0.72753,1e-05,0.004264,1e-05,0.046551,1e-05,0.037361
"112",50.4,-4.9,1e-05,0.993433,1e-05,0.006507,1e-05,1e-05,1e-05,1e-05
"113",50.4,-4.9,1e-05,0.99993,1e-05,1e-05,1e-05,1e-05,1e-05,1e-05
"114",50.3,-4.9,1e-05,0.99993,1e-05,1e-05,1e-05,1e-05,1e-05,1e-05
"115",50.3,-4.9,1e-05,0.99993,1e-05,1e-05,1e-05,1e-05,1e-05,1e-05
"116",50.3,-4.8,1e-05,0.99993,1e-05,1e-05,1e-05,1e-05,1e-05,1e-05
"117",50.4,-4.7,1e-05,0.99993,1e-05,1e-05,1e-05,1e-05,1e-05,1e-05
"118",50.5,-4.5,0.121173,0.790181,1e-05,0.030315,1e-05,0.011026,0.010503,0.036782
"119",51.3,0.5,1e-05,0.99993,1e-05,1e-05,1e-05,1e-05,1e-05,1e-05
"120",51.3,0.5,0.094627,0.232969,1e-05,1e-05,0.600506,0.001929,1e-05,0.069938
"121",52.2,-1.7,0.151117,0.709574,1e-05,0.057107,0.013208,0.06484,0.004134,1e-05
"122",51.3,0.4,0.211887,0.742615,1e-05,0.019328,0.023951,0.002189,1e-05,1e-05
"123",51.2,0.3,0.173436,0.706811,0.019007,0.010963,0.069533,0.000949,1e-05,0.019292
"124",51.2,0.4,1e-05,0.99993,1e-05,1e-05,1e-05,1e-05,1e-05,1e-05
"125",51.2,0.3,1e-05,0.997735,1e-05,1e-05,0.002205,1e-05,1e-05,1e-05
"126",51.1,0.6,1e-05,0.99993,1e-05,1e-05,1e-05,1e-05,1e-05,1e-05
"127",51.3,1.1,1e-05,0.99993,1e-05,1e-05,1e-05,1e-05,1e-05,1e-05
"128",51.3,1.1,0.085774,0.864045,1e-05,0.017912,1e-05,0.032229,1e-05,1e-05
"129",51.1,0.4,0.170943,0.800665,1e-05,1e-05,1e-05,0.017366,1e-05,0.010986
"130",54.5,-3,1e-05,0.99993,1e-05,1e-05,1e-05,1e-05,1e-05,1e-05
"131",54.4,-3,1e-05,0.99993,1e-05,1e-05,1e-05,1e-05,1e-05,1e-05
"132",54.6,-3.3,0.03424,0.188277,1e-05,1e-05,0.724783,1e-05,1e-05,0.052659
"133",54.7,-3.4,1e-05,0.99993,1e-05,1e-05,1e-05,1e-05,1e-05,1e-05
"134",54.4,-2.9,0.006937,0.991012,1e-05,1e-05,1e-05,0.002001,1e-05,1e-05
"135",54.4,-2.9,1e-05,0.99993,1e-05,1e-05,1e-05,1e-05,1e-05,1e-05
"136",54.6,-3.2,1e-05,0.997713,1e-05,1e-05,0.002227,1e-05,1e-05,1e-05
"137",57,-3.4,1e-05,0.99993,1e-05,1e-05,1e-05,1e-05,1e-05,1e-05
"138",53.3,-1.6,0.215473,0.541364,1e-05,0.189149,1e-05,0.050931,0.003052,1e-05
"139",51.3,1.1,1e-05,0.99993,1e-05,1e-05,1e-05,1e-05,1e-05,1e-05
"140",56.6,-4.1,0.296014,0.61792,1e-05,0.050202,1e-05,0.035824,1e-05,1e-05
"141",56,-4.4,0.187779,0.547253,1e-05,1e-05,0.195539,0.064488,1e-05,0.00491
"142",54.6,-2.3,0.436294,0.216274,1e-05,1e-05,0.347382,1e-05,1e-05,1e-05
"143",54.1,-1.5,0.231276,0.735729,1e-05,0.03188,1e-05,0.001076,1e-05,1e-05
"144",54.1,-2.3,1e-05,0.463757,1e-05,1e-05,0.536183,1e-05,1e-05,1e-05
"145",52.9,-1.3,1e-05,0.99993,1e-05,1e-05,1e-05,1e-05,1e-05,1e-05
"146",51,-3.1,0.084695,0.915245,1e-05,1e-05,1e-05,1e-05,1e-05,1e-05
"147",56.4,-5.2,0.173452,0.408795,1e-05,0.327857,1e-05,1e-05,0.089856,1e-05
"148",53.1,-3.3,1e-05,0.99993,1e-05,1e-05,1e-05,1e-05,1e-05,1e-05
"149",57.4,-5.5,0.039931,0.573283,1e-05,1e-05,0.370435,0.016311,1e-05,1e-05
"150",52.9,-3.1,0.04202,0.868635,1e-05,1e-05,0.058312,0.030993,1e-05,1e-05
"151",56.7333,-5.98333,0.421592,0.147309,1e-05,0.365547,1e-05,0.036639,0.028884,1e-05
"152",56.3333,15.9667,0.522552,0.077508,1e-05,0.019543,0.370479,1e-05,1e-05,0.009888
"153",56.3333,15.9667,0.6882,0.053059,1e-05,0.059977,0.162342,0.004218,1e-05,0.032185
"154",56.3333,15.9667,0.86358,0.023027,1e-05,0.084191,0.00347,0.025702,1e-05,1e-05
"155",55.86,13.51,0.99993,1e-05,1e-05,1e-05,1e-05,1e-05,1e-05,1e-05
"156",49.4013,16.2326,1e-05,1e-05,1e-05,1e-05,0.99993,1e-05,1e-05,1e-05
"157",63.0167,17.4914,1e-05,1.3e-05,1e-05,0.999927,1e-05,1e-05,1e-05,1e-05
"158",62.6814,18.0165,0.089112,1e-05,1e-05,0.831818,0.054268,0.024762,1e-05,1e-05
"159",55.76,14.12,0.679994,1e-05,1e-05,0.053168,0.266788,1e-05,1e-05,1e-05
"160",55.76,14.12,0.622874,1e-05,1e-05,0.039653,0.337423,1e-05,1e-05,1e-05
"161",49.4112,16.2815,1e-05,1e-05,1e-05,1.1e-05,0.999929,1e-05,1e-05,1e-05
"162",49.4112,16.2815,1e-05,1e-05,1e-05,1e-05,0.99993,1e-05,1e-05,1e-05
"163",49.4112,16.2815,1e-05,1e-05,1e-05,1e-05,0.999928,1.2e-05,1e-05,1e-05
"164",49.4112,16.2815,1e-05,1e-05,1e-05,1e-05,0.99993,1e-05,1e-05,1e-05
"165",49.4112,16.2815,1e-05,1e-05,1e-05,1e-05,0.99993,1e-05,1e-05,1e-05
"166",49.4112,16.2815,1e-05,1e-05,1e-05,1e-05,0.99993,1e-05,1e-05,1e-05
"167",49.4112,16.2815,1e-05,1e-05,1e-05,1e-05,0.99993,1e-05,1e-05,1e-05
"168",49.4112,16.2815,1e-05,1e-05,1e-05,1e-05,0.99993,1e-05,1e-05,1e-05
"169",49.1,16.2,1e-05,1e-05,1e-05,1e-05,0.99993,1e-05,1e-05,1e-05
"170",62.877,18.177,1e-05,1e-05,1e-05,0.99993,1e-05,1e-05,1e-05,1e-05
"171",62.877,18.177,1e-05,1e-05,1e-05,0.99993,1e-05,1e-05,1e-05,1e-05
"172",62.877,18.177,1e-05,1e-05,1.4e-05,0.999926,1e-05,1e-05,1e-05,1e-05
"173",62.877,18.177,1e-05,1e-05,1e-05,0.99993,1e-05,1e-05,1e-05,1e-05
"174",62.877,18.177,1e-05,1e-05,1e-05,0.99993,1e-05,1e-05,1e-05,1e-05
"175",62.9,18.4,1e-05,1e-05,1e-05,0.973875,1e-05,1e-05,1e-05,0.026065
"176",62.9,18.4,1e-05,1e-05,1e-05,0.99993,1e-05,1e-05,1e-05,1e-05
"177",56.06,14.29,0.662172,0.167925,1e-05,1e-05,0.163293,0.00657,1e-05,1e-05
"178",56.06,14.29,0.645947,0.128278,1e-05,1e-05,0.225725,1e-05,1e-05,1e-05
"179",56.06,14.29,0.706071,0.049447,1e-05,1e-05,0.244432,1e-05,1e-05,1e-05
"180",56.06,14.29,0.714206,0.101885,1e-05,1e-05,0.183619,0.00025,1e-05,1e-05
"181",55.7509,13.3712,0.99993,1e-05,1e-05,1e-05,1e-05,1e-05,1e-05,1e-05
"182",55.7509,13.3712,0.99993,1e-05,1e-05,1e-05,1e-05,1e-05,1e-05,1e-05
"183",62.6437,17.7339,0.043991,1e-05,1e-05,0.947377,0.008582,1e-05,1e-05,1e-05
"184",62.806,18.1896,0.150265,0.019913,1e-05,0.829773,1e-05,1e-05,1e-05,1e-05
"185",56.1,13.74,0.970532,1e-05,1e-05,1e-05,1e-05,0.029408,1e-05,1e-05
"186",56.1,13.74,0.893825,0.020044,1e-05,1e-05,0.086081,1e-05,1e-05,1e-05
"187",56.1,13.74,0.776395,0.094339,1e-05,1e-05,0.106427,0.022799,1e-05,1e-05
"188",56.1,13.74,0.932113,0.05742,1e-05,1e-05,1e-05,0.010417,1e-05,1e-05
"189",56.1,13.74,0.480196,0.057203,1e-05,1e-05,0.427652,0.004965,1e-05,0.029954
"190",55.66,13.4,0.99993,1e-05,1e-05,1e-05,1e-05,1e-05,1e-05,1e-05
"191",56.0328,14.775,0.459861,0.104261,1e-05,1e-05,0.318296,0.030564,1e-05,0.086988
"192",56.09,13.9,0.188619,0.033529,1e-05,0.012443,0.739058,0.026321,1e-05,1e-05
"193",62.801,18.079,1e-05,1e-05,1e-05,0.970746,0.029194,1e-05,1e-05,1e-05
"194",62.801,18.079,0.012174,1e-05,1e-05,0.987189,0.000587,1e-05,1e-05,1e-05
"195",62.9513,18.2763,1.6e-05,1.7e-05,1e-05,0.999913,1.3e-05,1e-05,1e-05,1e-05
"196",62.9513,18.2763,1.6e-05,1e-05,1e-05,0.999924,1e-05,1e-05,1e-05,1e-05
"197",62.9308,18.3448,1e-05,1e-05,1e-05,0.99993,1e-05,1e-05,1e-05,1e-05
"198",62.9308,18.3448,1e-05,1e-05,1e-05,0.99993,1e-05,1e-05,1e-05,1e-05
"199",56.1481,15.8155,0.596089,0.175739,1e-05,0.009901,0.179094,0.009117,1e-05,0.03004
"200",56.4573,16.1308,0.643349,0.112836,1e-05,0.129426,0.096959,0.0174,1e-05,1e-05
"201",55.6942,13.4504,0.68233,0.08321,1e-05,1e-05,0.23441,1e-05,1e-05,1e-05
"202",55.6942,13.4504,0.99993,1e-05,1e-05,1e-05,1e-05,1e-05,1e-05,1e-05
"203",55.7097,13.2145,0.782588,1e-05,1e-05,0.014523,0.190474,0.012375,1e-05,1e-05
"204",58.9,11.2,0.361454,0.179762,0.064844,0.371545,1e-05,0.022365,1e-05,1e-05
"205",56.4666,16.1284,0.707769,0.08842,1e-05,0.04979,0.121804,0.032187,1e-05,1e-05
"206",56.4666,16.1284,0.682589,0.074228,1e-05,0.030528,0.203081,0.009543,1e-05,1e-05
"207",55.6525,13.2197,0.743424,1e-05,1e-05,1e-05,0.256516,1e-05,1e-05,1e-05
"208",55.6525,13.215,0.99993,1e-05,1e-05,1e-05,1e-05,1e-05,1e-05,1e-05
"209",55.6514,13.2233,0.880166,0.078216,1e-05,1e-05,0.041568,1e-05,1e-05,1e-05
"210",55.6494,13.2147,0.706577,0.145978,1e-05,0.016763,0.129577,0.001074,1e-05,1e-05
"211",55.6486,13.2161,0.90353,1e-05,1e-05,1e-05,0.09641,1e-05,1e-05,1e-05
"212",55.6472,13.2225,0.818487,1e-05,1e-05,1e-05,0.181453,1e-05,1e-05,1e-05
"213",55.6481,13.2264,0.898488,1e-05,1e-05,1e-05,0.101452,1e-05,1e-05,1e-05
"214",55.6561,13.2178,0.634215,0.128042,1e-05,0.046515,0.155985,0.035212,1e-05,1e-05
"215",55.6575,13.2386,0.720926,0.172925,1e-05,0.033196,0.051676,0.021246,1e-05,1e-05
"216",55.6,13.2,0.904033,1e-05,1e-05,1e-05,0.095907,1e-05,1e-05,1e-05
"217",55.6,13.2,0.804896,0.124496,1e-05,0.017773,0.046784,1e-05,1e-05,0.00602
"218",55.6,13.2,0.777634,0.049635,1e-05,1e-05,0.162893,0.009798,1e-05,1e-05
"219",55.7,13.2,0.99993,1e-05,1e-05,1e-05,1e-05,1e-05,1e-05,1e-05
"220",55.7967,13.1211,0.578508,0.115723,1e-05,0.034655,0.271073,1e-05,1e-05,1e-05
"221",55.7931,13.1186,0.966326,1e-05,1e-05,1e-05,0.018272,0.014911,1e-05,0.000452
"222",55.7942,13.1222,0.892057,1e-05,1e-05,1e-05,0.107883,1e-05,1e-05,1e-05
"223",55.7989,13.1206,0.092946,0.857072,1e-05,0.041559,1e-05,0.008383,1e-05,1e-05
"224",55.7936,13.1233,0.805387,1e-05,1e-05,1e-05,0.170712,0.02385,1e-05,1e-05
"225",55.7989,13.1219,0.894401,1e-05,1e-05,0.003819,0.10173,1e-05,1e-05,1e-05
"226",55.7967,13.1044,0.754707,1e-05,1e-05,0.002175,0.207069,0.036009,1e-05,1e-05
"227",55.8078,13.1028,0.910958,0.026072,1e-05,1e-05,0.055183,0.007746,1e-05,1e-05
"228",55.8097,13.1342,0.99993,1e-05,1e-05,1e-05,1e-05,1e-05,1e-05,1e-05
"229",55.8,13.1367,0.78898,1e-05,1e-05,1e-05,0.202132,0.008838,1e-05,1e-05
"230",55.7,13.2,0.99993,1e-05,1e-05,1e-05,1e-05,1e-05,1e-05,1e-05
"231",55.7,13.2,0.785391,0.085688,1e-05,1e-05,0.120113,0.008767,1e-05,1e-05
"232",55.8364,13.3075,0.99993,1e-05,1e-05,1e-05,1e-05,1e-05,1e-05,1e-05
"233",55.8369,13.3033,0.99993,1e-05,1e-05,1e-05,1e-05,1e-05,1e-05,1e-05
"234",55.8378,13.3092,0.920972,1e-05,1e-05,1e-05,0.078968,1e-05,1e-05,1e-05
"235",55.8403,13.3106,0.99993,1e-05,1e-05,1e-05,1e-05,1e-05,1e-05,1e-05
"236",55.8411,13.3047,0.987455,1e-05,1e-05,1e-05,1e-05,0.012485,1e-05,1e-05
"237",55.8397,13.2881,0.910394,0.040276,1e-05,1e-05,0.042414,0.006876,1e-05,1e-05
"238",55.8369,13.3181,0.99993,1e-05,1e-05,1e-05,1e-05,1e-05,1e-05,1e-05
"239",55.8386,13.3186,0.984923,1e-05,1e-05,0.015017,1e-05,1e-05,1e-05,1e-05
"240",55.8364,13.2906,0.99993,1e-05,1e-05,1e-05,1e-05,1e-05,1e-05,1e-05
"241",55.8383,13.2906,0.848248,0.025745,1e-05,1e-05,0.121073,0.004894,1e-05,1e-05
"242",55.9336,13.5519,0.99993,1e-05,1e-05,1e-05,1e-05,1e-05,1e-05,1e-05
"243",55.9419,13.5603,0.99993,1e-05,1e-05,1e-05,1e-05,1e-05,1e-05,1e-05
"244",55.9403,13.5511,0.933276,1e-05,1e-05,0.02019,0.046484,1e-05,1e-05,1e-05
"245",55.9392,13.5539,0.99993,1e-05,1e-05,1e-05,1e-05,1e-05,1e-05,1e-05
"246",55.9414,13.5542,0.847886,1e-05,1e-05,1e-05,0.133748,0.018316,1e-05,1e-05
"247",55.9428,13.5558,0.99993,1e-05,1e-05,1e-05,1e-05,1e-05,1e-05,1e-05
"248",55.9497,13.5533,0.99993,1e-05,1e-05,1e-05,1e-05,1e-05,1e-05,1e-05
"249",55.9319,13.5508,0.99993,1e-05,1e-05,1e-05,1e-05,1e-05,1e-05,1e-05
"250",55.9281,13.5481,0.99993,1e-05,1e-05,1e-05,1e-05,1e-05,1e-05,1e-05
"251",55.9261,13.5319,0.99993,1e-05,1e-05,1e-05,1e-05,1e-05,1e-05,1e-05
"252",55.6528,13.2244,0.573108,0.270616,0.033508,0.062121,0.038128,0.017485,0.005024,1e-05
"253",62.6425,17.7422,1e-05,0.050402,1e-05,0.949538,1e-05,1e-05,1e-05,1e-05
"254",62.6422,17.7406,1e-05,0.016897,1e-05,0.983043,1e-05,1e-05,1e-05,1e-05
"255",62.6425,17.7356,0.02185,1e-05,1e-05,0.97809,1e-05,1e-05,1e-05,1e-05
"256",62.6425,17.7372,0.002533,0.048167,1e-05,0.94925,1e-05,1e-05,1e-05,1e-05
"257",62.8714,18.3447,1e-05,1e-05,1e-05,0.99993,1e-05,1e-05,1e-05,1e-05
"258",62.8717,18.3436,1e-05,1e-05,1e-05,0.99993,1e-05,1e-05,1e-05,1e-05
"259",62.8717,18.3419,1.3e-05,1e-05,1e-05,0.999927,1e-05,1e-05,1e-05,1e-05
"260",62.8719,18.3422,1e-05,1e-05,1e-05,0.99993,1e-05,1e-05,1e-05,1e-05
"261",62.6322,17.69,0.069246,1e-05,1e-05,0.902466,1e-05,0.005427,1e-05,0.022821
"262",62.6322,17.6906,0.045877,0.478558,1e-05,1e-05,0.440417,0.016601,1e-05,0.018516
"263",62.8892,18.4522,0.05378,1e-05,0.002734,0.887408,0.026498,0.029549,1e-05,1e-05
"264",55.7683,14.1386,0.522637,0.025994,1e-05,1e-05,0.444818,0.006511,1e-05,1e-05
"265",55.7686,14.1383,0.637884,0.047168,1e-05,1e-05,0.283743,0.031164,1e-05,1e-05
"266",55.7689,14.1375,0.620391,0.15054,1e-05,1e-05,0.217313,0.011717,1e-05,1e-05
"267",55.7692,14.1369,0.586325,0.092845,1e-05,1e-05,0.252817,0.067973,1e-05,1e-05
"268",55.7694,14.1347,0.654258,0.135677,1e-05,1e-05,0.199481,0.010544,1e-05,1e-05
"269",55.7706,14.1342,0.789973,0.014608,1e-05,0.041877,0.062286,0.072616,1e-05,0.01862
"270",55.7708,14.1342,0.611907,0.033629,1e-05,0.027324,0.327101,1e-05,1e-05,1e-05
"271",55.7708,14.1331,0.563573,0.046647,1e-05,0.027373,0.362367,1e-05,1e-05,1e-05
"272",55.7719,14.1211,0.805974,0.009152,1e-05,0.040571,0.120628,0.023645,1e-05,1e-05
"273",55.7717,14.1206,0.706204,0.030142,1e-05,0.020569,0.21286,0.030195,1e-05,1e-05
"274",55.7714,14.1208,0.73108,1e-05,1e-05,1e-05,0.225317,1e-05,1e-05,0.043554
"275",62.8836,18.1842,1e-05,1e-05,1e-05,0.99993,1e-05,1e-05,1e-05,1e-05
"276",62.8839,18.1836,1e-05,1e-05,1e-05,0.99993,1e-05,1e-05,1e-05,1e-05
"277",63.0175,18.3281,1e-05,1e-05,1e-05,0.99993,1e-05,1e-05,1e-05,1e-05
"278",63.0167,18.3283,1e-05,1e-05,1e-05,0.99993,1e-05,1e-05,1e-05,1e-05
"279",63.0169,18.3283,1e-05,1e-05,1e-05,0.99993,1e-05,1e-05,1e-05,1e-05
"280",63.0172,18.3283,1e-05,1e-05,1e-05,0.892129,1e-05,1e-05,1e-05,0.107811
"281",62.806,18.1896,0.083171,1e-05,1e-05,0.888715,1e-05,0.028064,1e-05,1e-05
"282",62.806,18.1896,1e-05,1e-05,1e-05,0.99993,1e-05,1e-05,1e-05,1e-05
"283",62.96,18.2844,1.6e-05,1e-05,1e-05,0.999917,1.6e-05,1e-05,1e-05,1e-05
"284",62.9611,18.3589,1e-05,1e-05,1e-05,0.99993,1e-05,1e-05,1e-05,1e-05
"285",62.9619,18.35,1e-05,1e-05,1e-05,0.99993,1e-05,1e-05,1e-05,1e-05
"286",62.9619,18.35,1e-05,1e-05,1e-05,0.99993,1e-05,1e-05,1e-05,1e-05
"287",62.9622,18.35,1e-05,1e-05,1e-05,0.99993,1e-05,1e-05,1e-05,1e-05
"288",62.9614,18.3608,1e-05,1e-05,1e-05,0.99993,1e-05,1e-05,1e-05,1e-05
"289",55.7,13.2,0.67819,0.169847,1e-05,0.008799,0.093445,0.049688,1e-05,1e-05
"290",56.27373,13.90045,0.06009,1e-05,1e-05,0.001128,0.93688,0.001862,1e-05,1e-05
"291",62.9169,18.4728,1e-05,1e-05,1e-05,0.99993,1e-05,1e-05,1e-05,1e-05
"292",55.5796,14.3336,0.843463,1e-05,1e-05,0.135639,1e-05,0.020847,1e-05,1e-05
"293",55.5796,14.334,0.836466,1e-05,1e-05,0.146773,1e-05,0.016711,1e-05,1e-05
"294",55.5796,14.3336,0.731007,0.180012,1e-05,0.060951,1e-05,0.015733,1e-05,0.012267
"295",55.5796,14.3336,0.821489,1e-05,1e-05,0.150892,1e-05,0.027569,1e-05,1e-05
"296",55.5796,14.3336,0.83476,1e-05,1e-05,0.144268,1e-05,0.020921,1e-05,1e-05
"297",55.5796,14.3336,0.835179,0.103564,1e-05,0.039147,0.00845,0.01363,1e-05,1e-05
"298",49.2771,16.6314,1e-05,1e-05,1e-05,1e-05,0.99993,1e-05,1e-05,1e-05
"299",49.2771,16.6314,1e-05,1e-05,1e-05,1e-05,0.99993,1e-05,1e-05,1e-05
"300",49.2771,16.6314,1e-05,1e-05,1e-05,1e-05,0.975735,0.003443,1e-05,0.020771
"301",56.06,13.97,0.584929,1e-05,1e-05,0.051572,0.3628,0.000659,1e-05,1e-05
"302",49.3853,16.2544,1e-05,0.027353,1e-05,1e-05,0.972587,1e-05,1e-05,1e-05
"303",49.3853,16.2544,0.157101,1e-05,1e-05,1e-05,0.718121,1e-05,1e-05,0.124729
"304",49.3853,16.2544,1e-05,0.002854,1e-05,1e-05,0.997086,1e-05,1e-05,1e-05
"305",51.85,6.4333,1e-05,0.580049,0.172986,0.002997,0.238531,1e-05,0.005408,1e-05
"306",40.8585,-73.4675,1e-05,1.2e-05,1e-05,1e-05,1e-05,0.999928,1e-05,1e-05
"307",40.8585,-73.4675,1e-05,1e-05,1e-05,1e-05,1e-05,0.99993,1e-05,1e-05
"308",40.8585,-73.4675,0.075408,0.6631,1e-05,1e-05,1.4e-05,0.261437,1e-05,1e-05
"309",42.4489,-76.5072,1e-05,1e-05,1e-05,1e-05,1e-05,0.99993,1e-05,1e-05
"310",42.4489,-76.5072,1e-05,1e-05,1e-05,1e-05,1e-05,0.999275,1e-05,0.000665
"311",42.373,-71.0627,1e-05,1e-05,1e-05,1e-05,1e-05,0.99993,1e-05,1e-05
"312",42.373,-71.0627,1e-05,1e-05,1e-05,1e-05,1e-05,0.99993,1e-05,1e-05
"313",41.2816,-86.621,1e-05,1e-05,1e-05,1e-05,1e-05,0.99993,1e-05,1e-05
"314",49.5,73.1,0.201936,1e-05,1e-05,1e-05,0.154467,1e-05,1e-05,0.643547
"315",45,1.3,1e-05,0.796049,0.093311,0.021074,0.057818,1e-05,0.031718,1e-05
"316",51.2167,4.4,0.073437,0.75781,1e-05,0.025917,0.109592,0.029785,1e-05,0.003438
"317",63.324,18.484,1e-05,0.112374,1e-05,0.887566,1e-05,1e-05,1e-05,1e-05
"318",63.324,18.484,1e-05,0.087289,1e-05,0.912651,1e-05,1e-05,1e-05,1e-05
"319",49.4013,16.2326,1e-05,1e-05,1e-05,1e-05,0.99993,1e-05,1e-05,1e-05
"320",49.2,16.6166,0.016951,0.564101,0.17752,1e-05,0.241385,1.3e-05,1e-05,1e-05
"321",51.4083,-0.6383,0.218792,0.623094,1e-05,0.023702,0.088194,0.046188,1e-05,1e-05
"322",51.4083,-0.6383,1e-05,0.995667,1e-05,1e-05,1e-05,0.004273,1e-05,1e-05
"323",38.3,-92.3,1e-05,0.521931,1e-05,1e-05,0.456878,0.021141,1e-05,1e-05
"324",15.1111,-23.6167,0.03133,1e-05,0.052891,0.023053,0.047948,1e-05,0.801525,0.043232
"325",62.877,18.177,1e-05,1e-05,1.5e-05,0.999925,1e-05,1e-05,1e-05,1e-05
"326",50.3,6.3,1e-05,0.696246,1e-05,1e-05,0.287347,0.016357,1e-05,1e-05
"327",63.0165,18.3174,1e-05,1e-05,1e-05,0.948145,1e-05,1e-05,1e-05,0.051795
"328",63.0165,18.3174,1e-05,1e-05,1e-05,0.99993,1e-05,1e-05,1e-05,1e-05
"329",50.3,8,1e-05,0.080576,0.006629,1e-05,0.900663,0.012091,1e-05,1e-05
"330",51.5338,9.9355,0.407858,0.390925,1e-05,0.127908,0.025641,0.039603,0.008044,1e-05
"331",50.3,8,0.082354,0.402806,1e-05,1e-05,0.473408,0.041392,1e-05,1e-05
"332",51.4083,-0.6383,1e-05,0.99993,1e-05,1e-05,1e-05,1e-05,1e-05,1e-05
"333",51.4083,-0.6383,1e-05,0.99993,1e-05,1e-05,1e-05,1e-05,1e-05,1e-05
"334",44.46,-85.37,1e-05,0.988041,1e-05,1e-05,1e-05,1e-05,1e-05,0.011899
"335",41.2816,-86.621,1e-05,1e-05,1e-05,1e-05,1e-05,0.99993,1e-05,1e-05
"336",38.48,68.49,1e-05,1e-05,1e-05,1e-05,1e-05,1e-05,1e-05,0.99993
"337",49.5,73.1,1e-05,1e-05,1e-05,1e-05,1e-05,1e-05,1e-05,0.99993
"338",47.984,10.8719,0.348487,1e-05,1e-05,1e-05,0.488616,1e-05,1e-05,0.162848
"339",41.59,2.49,1e-05,0.590538,0.097253,1e-05,1e-05,1e-05,0.312159,1e-05
"340",55.7522,37.6322,1e-05,1e-05,1e-05,1e-05,0.425601,1e-05,1e-05,0.574339
"341",50.3,8.3,0.058457,0.384909,1e-05,0.000325,0.556269,1e-05,1e-05,1e-05
"342",51.4083,-0.6383,1e-05,0.974996,1e-05,1e-05,1e-05,0.024944,1e-05,1e-05
"343",51.4083,-0.6383,1e-05,0.999926,1e-05,1e-05,1.4e-05,1e-05,1e-05,1e-05
"344",52.24,4.45,0.172646,0.596585,1e-05,0.009314,0.164142,0.055981,1e-05,0.001312
"345",49.42,16.36,1e-05,0.023131,1e-05,1e-05,0.976809,1e-05,1e-05,1e-05
"346",49.42,16.36,1e-05,1e-05,1e-05,1e-05,0.99993,1e-05,1e-05,1e-05
"347",49.42,16.36,1e-05,1e-05,1e-05,1e-05,0.99993,1e-05,1e-05,1e-05
"348",46,3.3,0.028108,0.804755,1e-05,1e-05,0.154756,0.012341,1e-05,1e-05
"349",48.5,-1.41,0.084619,0.851777,1e-05,0.015053,1e-05,0.048511,1e-05,1e-05
"350",48.5,-1.41,0.011689,0.934842,1e-05,0.053418,1e-05,1e-05,1e-05,1e-05
"351",38.3333,-3.53333,1e-05,0.594422,0.039154,1e-05,1e-05,1e-05,0.366373,1e-05
"352",38.35,68.48,1e-05,1e-05,1e-05,1e-05,1e-05,1e-05,1e-05,0.99993
"353",51.4083,-0.6383,1e-05,0.99993,1e-05,1e-05,1e-05,1e-05,1e-05,1e-05
"354",51.4083,-0.6383,0.216761,0.65104,1e-05,1e-05,0.11313,0.019029,1e-05,1e-05
"355",60,23.5,0.081355,0.07184,1e-05,0.659029,1e-05,1e-05,1e-05,0.187736
"356",60,23.5,0.059576,0.062577,1e-05,0.670532,1e-05,1e-05,1e-05,0.207276
"357",41.7194,2.93056,1e-05,0.465499,0.128157,1e-05,1e-05,1e-05,0.406294,1e-05
"358",41.7194,2.93056,1e-05,0.631455,1e-05,1e-05,1e-05,1e-05,0.368485,1e-05
"359",56.0648,13.9707,0.395636,0.437586,1e-05,0.022244,0.048539,0.031002,1e-05,0.064974
"360",56.0648,13.9707,0.755341,1e-05,1e-05,0.02954,0.199015,1e-05,1e-05,0.016063
"361",48.3,14.45,1e-05,0.089718,1e-05,1e-05,0.910222,1e-05,1e-05,1e-05
"362",48.3,14.45,1e-05,0.062921,0.054858,1e-05,0.882171,1e-05,1e-05,1e-05
"363",47.25,8.26,1e-05,0.425308,1.3e-05,1e-05,0.565677,0.008962,1e-05,1e-05
"364",52.3,30,0.156613,0.075215,1e-05,1e-05,0.628394,0.021389,1e-05,0.118359
"365",52.3,9.3,0.120004,0.519526,1e-05,1e-05,0.356265,0.004164,1e-05,1e-05
"366",49.3853,16.2544,1e-05,1e-05,1e-05,1e-05,0.99993,1e-05,1e-05,1e-05
"367",57.1539,-2.2207,1e-05,0.99993,1e-05,1e-05,1e-05,1e-05,1e-05,1e-05
"368",48.0683,7.62551,1e-05,0.371368,1e-05,1e-05,0.627396,0.001186,1e-05,1e-05
"369",54.8,-2.4333,1e-05,0.999871,1e-05,1e-05,1e-05,6.9e-05,1e-05,1e-05
"370",53.448,5.73,0.108762,0.140713,1e-05,1e-05,0.750475,1e-05,1e-05,1e-05
"371",50.3,5.3,0.002158,0.582977,1e-05,1e-05,0.406703,0.008121,1e-05,1e-05
"372",51.8333,5.5833,0.167009,0.703846,1e-05,0.037655,0.060178,1e-05,0.018136,0.013156
"373",50.9167,9.57073,0.126363,0.485331,0.00535,1e-05,0.351714,1e-05,1e-05,0.031213
"374",51.3333,6.1,0.277334,0.62327,1e-05,0.038051,0.055469,0.005845,1e-05,1e-05
"375",47.5,7.5,1e-05,0.428694,0.025812,1e-05,0.545356,9.7e-05,1e-05,1e-05
"376",52,5.675,0.107552,0.670913,1e-05,0.031327,0.168457,0.021721,1e-05,1e-05
"377",52.4584,13.287,0.221853,0.061903,1e-05,1e-05,0.716195,1e-05,1e-05,1e-05
"378",56.5459,-4.79821,1e-05,0.620604,1e-05,1e-05,0.343028,0.036317,1e-05,1e-05
"379",44.5041,11.3396,1e-05,0.154474,0.078877,1e-05,0.76121,1e-05,1e-05,0.005399
"380",54.4,-3.2667,1e-05,0.987595,1e-05,1e-05,0.012345,1e-05,1e-05,1e-05
"381",49.5166,9.3166,0.2274,0.452928,1e-05,0.014278,0.305353,1e-05,1e-05,1e-05
"382",50.0167,8.6667,1e-05,0.5265,1e-05,1e-05,0.47344,1e-05,1e-05,1e-05
"383",41.3599,-122.755,1e-05,1e-05,1e-05,1e-05,1e-05,0.99993,1e-05,1e-05
"384",50.5,9.5,0.155278,0.463834,1e-05,0.005637,0.375211,1e-05,1e-05,1e-05
"385",54.1,-6.2,0.273897,0.351001,1e-05,0.274034,1e-05,0.067604,0.033434,1e-05
"386",53.2699,-1.64293,0.208276,0.454561,1e-05,0.234543,1e-05,0.051798,0.050792,1e-05
"387",50.2981,8.26607,1e-05,0.651835,1e-05,1e-05,0.305383,0.042732,1e-05,1e-05
"388",29.2144,-13.4811,0.060611,0.12971,0.04539,1e-05,1e-05,0.031886,0.679642,0.052742
"389",51.3,1.1,1e-05,0.99993,1e-05,1e-05,1e-05,1e-05,1e-05,1e-05
"390",37.3,15,0.004796,1e-05,1e-05,0.01345,0.953214,0.0285,1e-05,1e-05
"391",42,12.1,0.029597,0.399936,0.451068,1e-05,0.119359,1e-05,1e-05,1e-05
"392",48.0717,1.33867,0.046451,0.894625,1e-05,0.007858,0.051025,1e-05,1e-05,1e-05
"393",53.7502,34.7361,0.048645,1e-05,1e-05,1e-05,0.434829,1e-05,1e-05,0.516476
"394",40.12,-8.25,1e-05,0.098029,0.789408,0.020356,0.066728,0.023498,1e-05,0.00196
"395",40.2077,-8.42639,1e-05,0.508122,0.070392,1e-05,1e-05,1e-05,0.421435,1e-05
"396",49.416,2.823,1e-05,0.980239,1e-05,0.018508,1e-05,0.001203,1e-05,1e-05
"397",49.8724,8.65081,0.0473,0.36738,1e-05,1e-05,0.584461,0.000819,1e-05,1e-05
"398",47.3239,5.04278,0.240018,1e-05,1e-05,1e-05,0.605895,1e-05,1e-05,0.154037
"399",50.7224,8.2372,0.137605,0.463075,1e-05,1e-05,0.334627,0.064653,1e-05,1e-05
"400",49.4167,16.2667,1e-05,1e-05,1e-05,1e-05,0.99993,1e-05,1e-05,1e-05
"401",51.051,13.7336,1e-05,0.112177,1e-05,1e-05,0.887763,1e-05,1e-05,1e-05
"402",54.7761,-1.5733,1e-05,0.999926,1e-05,1.4e-05,1e-05,1e-05,1e-05,1e-05
"403",51.3,0.5,1e-05,0.99993,1e-05,1e-05,1e-05,1e-05,1e-05,1e-05
"404",55.9494,-3.16028,0.274056,0.587612,1e-05,0.086426,1e-05,0.051866,1e-05,1e-05
"405",51.5105,9.68253,0.344142,0.458966,1e-05,1e-05,0.173236,0.023615,1e-05,1e-05
"406",50,8.5,1e-05,0.343999,1e-05,1e-05,0.628094,0.027857,1e-05,1e-05
"407",50,8.5,1e-05,1e-05,1e-05,1e-05,0.99993,1e-05,1e-05,1e-05
"408",49.5955,11.0087,0.043672,0.621897,1e-05,0.016421,0.299541,0.011401,1e-05,0.007048
"409",60.1997,24.5682,0.322518,1e-05,1e-05,0.17479,0.21074,0.016624,1e-05,0.275298
"410",58.6656,24.9871,0.02116,0.361365,1e-05,1e-05,0.490931,1e-05,0.022432,0.104082
"411",44.6447,2.56481,1e-05,0.730895,0.079599,0.018452,0.13239,0.001123,0.037521,1e-05
"412",50.1102,8.6822,0.104488,0.626299,1e-05,0.02381,0.234137,0.007968,1e-05,0.003278
"413",50.5,8.0167,0.394901,0.44207,1e-05,0.10605,0.023906,0.033044,1e-05,1e-05
"414",51.0167,5.86667,0.205689,0.568322,1e-05,1e-05,0.131903,0.033102,1e-05,0.060954
"415",50.584,8.67825,0.385741,0.286707,1e-05,0.029049,0.279354,0.00999,1e-05,0.009138
"416",47,15.5,0.096992,0.110685,0.06963,1e-05,0.70455,1e-05,1e-05,0.018112
"417",43.178,-85.2532,1e-05,1e-05,1e-05,1e-05,1e-05,0.99993,1e-05,1e-05
"418",53.5,10.5,1e-05,0.410855,1e-05,1e-05,0.549231,0.039865,1e-05,1e-05
"419",52.24,9.44,0.171107,0.600197,1e-05,0.018937,0.174879,0.005924,1e-05,0.028935
"420",52.3721,9.73569,0.012153,0.458325,1e-05,1e-05,0.416415,0.078082,1e-05,0.034996
"421",55.675,12.5686,0.463529,0.222565,1e-05,0.018621,0.263225,1e-05,1e-05,0.03203
"422",51.3472,8.28844,0.323872,0.423643,1e-05,0.001916,0.228917,1.2e-05,1e-05,0.02162
"423",54.4175,9.88682,0.39505,0.404981,1e-05,0.018563,0.1604,0.020977,1e-05,1e-05
"424",49,15,1e-05,1e-05,1e-05,1e-05,0.99993,1e-05,1e-05,1e-05
"425",50.927,11.587,0.387195,0.081851,0.029413,0.020913,0.465097,1e-05,0.011755,0.003766
"426",35,77,1e-05,1e-05,1e-05,1e-05,1e-05,1e-05,1e-05,0.99993
"427",54.8969,23.8924,0.086404,1e-05,1e-05,0.010979,0.622002,1e-05,1e-05,0.280575
"428",55.6395,-5.66364,0.2955,0.498653,1e-05,1e-05,0.132738,0.057186,1e-05,0.015892
"429",50.95,6.9666,1e-05,0.556925,1e-05,1e-05,0.443015,1e-05,1e-05,1e-05
"430",50.1797,8.50861,1e-05,0.570719,1e-05,1e-05,0.429221,1e-05,1e-05,1e-05
"431",49.631,11.5722,1e-05,1.4e-05,1e-05,1e-05,0.999926,1e-05,1e-05,1e-05
"432",35.0085,135.752,1e-05,1e-05,1e-05,1e-05,0.99993,1e-05,1e-05,1e-05
"433",55.6739,-3.78181,1e-05,0.701439,1e-05,1e-05,0.289108,0.009403,1e-05,1e-05
"434",52.7333,15.2333,0.190379,0.081166,1e-05,1e-05,0.575124,1e-05,1e-05,0.15329
"435",47.984,10.8719,0.317143,1e-05,1e-05,1e-05,0.524927,1e-05,1e-05,0.15788
"436",48,0.5,1e-05,0.956943,1e-05,0.042997,1e-05,1e-05,1e-05,1e-05
"437",52.1611,4.49015,0.015115,0.350512,1e-05,1e-05,0.404549,0.004676,1e-05,0.225118
"438",50.3833,8.0666,1e-05,1e-05,1e-05,1e-05,0.99993,1e-05,1e-05,1e-05
"439",50.3833,8.0666,0.08937,0.512717,1e-05,1e-05,0.37278,0.025093,1e-05,1e-05
"441",50.001,8.26664,0.223211,0.627393,1.2e-05,0.009901,0.084123,1e-05,1e-05,0.055341
"442",41.3923,-70.6652,1e-05,1e-05,1e-05,1e-05,1e-05,0.999927,1.3e-05,1e-05
"443",51.9183,10.1138,0.293961,0.407233,1e-05,1e-05,0.235462,0.017154,1e-05,0.04616
"444",50.95,20.5,1e-05,0.465397,1e-05,1e-05,0.518033,0.016521,1e-05,1e-05
"445",50.5,8.5,0.061069,0.498464,1e-05,1e-05,0.421158,0.019269,1e-05,1e-05
"446",52.6969,10.981,0.250027,0.257734,1e-05,1e-05,0.441572,0.006645,1e-05,0.043992
"447",51.0581,13.2995,0.119747,0.003249,1e-05,0.016867,0.85204,0.008066,1e-05,1e-05
"448",50.2,8.5833,0.0102,0.448237,1e-05,1e-05,0.524692,0.016831,1e-05,1e-05
"449",53.1667,8.2,0.289763,0.519448,1e-05,0.086379,0.065757,0.011331,1e-05,0.027302
"450",50.3827,8.01161,0.016703,0.431856,1e-05,1e-05,0.528935,0.022465,1e-05,1e-05
"451",53.3422,8.42255,0.289816,0.36912,1e-05,1e-05,0.288219,0.034883,1e-05,0.017932
"452",60.385543,6.193019,0.583092,0.128049,1e-05,0.011161,0.258832,0.018837,1e-05,1e-05
"453",59,29,1e-05,1e-05,1e-05,0.015911,0.984029,1e-05,1e-05,1e-05
"454",47.04,10.51,1e-05,0.188864,1e-05,1e-05,0.800768,0.010318,1e-05,1e-05
"455",53.476,10.6065,0.32123,0.218738,1e-05,0.031699,0.417653,1e-05,1e-05,0.01065
"456",49.2655,-123.206,1e-05,0.980985,1e-05,1e-05,1.1e-05,1e-05,1e-05,0.018954
"457",48.0653,-2.96591,0.151408,0.812693,1e-05,0.025236,1e-05,0.010623,1e-05,1e-05
"458",54.3512,-3.41697,0.161313,0.059701,1e-05,1e-05,0.638501,0.020258,1e-05,0.120197
"459",51.9667,5.56667,0.201202,0.642507,0.014213,0.034229,0.104314,0.003515,1e-05,1e-05
"460",42,12.1,1e-05,0.346996,0.476735,1e-05,0.159737,0.016492,1e-05,1e-05
"461",49.4424,1.09849,1e-05,0.99993,1e-05,1e-05,1e-05,1e-05,1e-05,1e-05
"462",56.3,34,0.149004,0.355339,1e-05,1e-05,0.452498,0.043119,1e-05,1e-05
"463",49,38.28,0.024459,1e-05,1e-05,0.003864,0.091402,1e-05,1e-05,0.880236
"464",41.7833,3.03333,1e-05,0.592507,1e-05,1e-05,0.055986,1e-05,0.351457,1e-05
"465",41.7833,3.03333,0.057836,0.475224,0.036969,1e-05,1e-05,0.00459,0.425352,1e-05
"466",47,-122.2,1e-05,0.998302,1e-05,0.001638,1e-05,1e-05,1e-05,1e-05
"467",46.5438,11.5614,1e-05,1e-05,1e-05,0.025085,0.930705,0.014287,1e-05,0.029883
"468",50.8738,8.02341,0.149525,0.331237,1e-05,1e-05,0.505823,0.013375,1e-05,1e-05
"469",53.6473,-3.00733,0.216991,0.689437,1e-05,0.075664,1e-05,0.017868,1e-05,1e-05
"470",52.5339,13.181,0.414902,0.065327,2e-05,1e-05,0.492419,1e-05,1e-05,0.027302
"471",47.6667,9.5,1e-05,0.369909,1e-05,1e-05,0.611658,0.018382,1e-05,1e-05
"472",52.6058,11.8558,0.309788,0.210031,0.00282,0.018073,0.459259,1e-05,1e-05,1e-05
"473",52,36,1e-05,1e-05,1e-05,1e-05,0.676519,1e-05,1e-05,0.323421
"474",49.5,14.5,1e-05,1e-05,1e-05,1e-05,0.99993,1e-05,1e-05,1e-05
"475",47.2413,-122.459,1e-05,1e-05,1e-05,1e-05,0.99993,1e-05,1e-05,1e-05
"476",52.08,4.3,0.358121,0.424014,1e-05,0.12736,0.010087,1e-05,0.080388,1e-05
"477",56.5,14.9,0.601525,1e-05,1e-05,1e-05,0.398415,1e-05,1e-05,1e-05
"478",41.6639,-83.5553,1e-05,0.32421,0.032205,0.005487,0.046232,0.591835,1e-05,1e-05
"479",41.6639,-83.5553,1e-05,1e-05,1.6e-05,1e-05,1e-05,0.999924,1e-05,1e-05
"480",41.6639,-83.5553,1e-05,1e-05,1e-05,1e-05,1e-05,0.99993,1e-05,1e-05
"481",47.0748,9.9042,1e-05,0.267366,0.034197,1e-05,0.698387,1e-05,1e-05,1e-05
"482",34.43,136.31,0.12424,0.273732,0.029377,0.003171,0.551183,0.018278,1e-05,1e-05
"483",43.2708,-85.2563,1e-05,1e-05,1e-05,1e-05,1e-05,0.99993,1e-05,1e-05
"484",48.0333,7.7667,1e-05,0.430615,1e-05,1e-05,0.568583,0.000752,1e-05,1e-05
"485",52.0918,5.1145,1e-05,0.444457,1e-05,0.004788,0.550705,1e-05,1e-05,1e-05
"486",49.2655,-123.206,1e-05,0.859613,1e-05,0.018327,0.052853,0.020976,0.048201,1e-05
"487",52.0333,5.55,0.16162,0.536714,1e-05,0.04155,0.25747,0.002616,1e-05,1e-05
"488",54.9902,-2.3671,1e-05,0.99993,1e-05,1e-05,1e-05,1e-05,1e-05,1e-05
"489",52.3,21,0.203944,1e-05,1e-05,1e-05,0.486931,1e-05,1e-05,0.309075
"490",52.3,30,0.138925,0.023097,1e-05,1e-05,0.63855,0.005567,1e-05,0.193831
"491",52.6,10.0667,0.155957,0.26895,1e-05,0.004305,0.510096,0.041519,1e-05,0.019153
"492",47.9299,10.8134,1e-05,0.191146,1e-05,1e-05,0.806244,0.002561,1e-05,1e-05
"493",54.6833,25.3167,0.190461,1e-05,1e-05,0.008919,0.553379,1e-05,0.024627,0.222584
"494",49.7878,9.9361,0.204471,0.444106,0.001039,1e-05,0.309069,0.038364,1e-05,0.002931
"495",37.45,-119.35,0.121862,0.337447,1e-05,0.025853,1e-05,0.514798,1e-05,1e-05
"496",47.3667,8.55,0.071696,0.57426,0.137625,1e-05,0.164643,0.047577,0.00418,1e-05
"497",47.3667,8.55,0.022816,0.490659,1e-05,0.001173,0.438709,1e-05,1e-05,0.046613
"498",50.3058,8.32213,1e-05,0.518613,1e-05,1e-05,0.481327,1e-05,1e-05,1e-05
"499",49.2,16.6166,1e-05,1e-05,1e-05,1e-05,0.96169,0.015652,1e-05,0.022607
"501",48.6167,6.25,1e-05,0.579997,1e-05,1e-05,0.403646,0.016307,1e-05,1e-05
"503",49,15,0.032355,0.391093,1e-05,0.067231,0.504912,0.004379,1e-05,1e-05
"505",41.767,-72.677,1e-05,1e-05,1e-05,1e-05,1.6e-05,0.999924,1e-05,1e-05
"506",41.7302,-71.2825,1e-05,0.18798,1e-05,1e-05,0.795517,0.016453,1e-05,1e-05
"507",41.5609,-86.4251,0.059586,0.547936,1e-05,1e-05,0.392428,1e-05,1e-05,1e-05
"508",41.5609,-86.4251,1e-05,1e-05,1e-05,1e-05,1e-05,0.99993,1e-05,1e-05
"509",55.58,14.334,0.879112,0.063458,1e-05,0.05708,1e-05,0.000309,1e-05,1e-05
"510",55.58,14.334,0.81914,0.05168,1e-05,0.110641,1e-05,0.018498,1e-05,1e-05
"511",49.38,16.81,0.047454,1e-05,1e-05,1e-05,0.952486,1e-05,1e-05,1e-05
"512",49.38,16.81,1e-05,0.003194,1e-05,1e-05,0.996746,1e-05,1e-05,1e-05
"513",42.0945,-86.3253,0.046193,0.297693,1e-05,1e-05,0.193724,0.46235,1e-05,1e-05
"514",42.036,-86.511,1e-05,0.666154,1e-05,1e-05,1e-05,0.333786,1e-05,1e-05
"515",42.0333,-86.5128,1e-05,0.376965,1e-05,1e-05,1e-05,0.622975,1e-05,1e-05
"516",42.0333,-86.5128,1e-05,0.377372,1e-05,1e-05,1e-05,0.622568,1e-05,1e-05
"517",42.093,-86.359,0.012661,0.015619,1e-05,1e-05,0.05609,0.91559,1e-05,1e-05
"518",42.093,-86.359,1e-05,1e-05,1.3e-05,1e-05,1e-05,0.999927,1e-05,1e-05
"519",41.273,-86.625,1e-05,0.364626,1e-05,0.002622,0.276349,0.3105,0.045874,1e-05
"520",41.273,-86.625,1e-05,1e-05,1e-05,1e-05,1e-05,0.99993,1e-05,1e-05
"521",41.273,-86.625,1e-05,1e-05,1e-05,1e-05,1e-05,0.99993,1e-05,1e-05
"522",42.0945,-86.3253,1e-05,0.179699,1e-05,1e-05,0.423908,0.396343,1e-05,1e-05
"523",42.0945,-86.3253,1e-05,0.772377,1e-05,1e-05,1e-05,0.227563,1e-05,1e-05
"524",41.3423,-86.7368,1e-05,1e-05,1e-05,1e-05,1e-05,0.99993,1e-05,1e-05
"525",41.3423,-86.7368,1e-05,1e-05,1e-05,1e-05,1e-05,0.99993,1e-05,1e-05
"526",41.3423,-86.7368,0.02127,0.291635,1e-05,0.013728,0.103764,0.542277,0.027304,1e-05
"527",42.036,-86.511,1e-05,0.453697,1e-05,1e-05,1e-05,0.546243,1e-05,1e-05
"528",42.036,-86.511,1e-05,0.532335,1e-05,1e-05,1e-05,0.467605,1e-05,1e-05
"529",49,2,1e-05,0.978071,1e-05,0.011137,1e-05,0.010741,1e-05,1e-05
"530",56.0328,14.775,0.475382,0.04408,1e-05,0.134359,0.344226,1e-05,0.001922,1e-05
"531",62.7989,17.9103,1e-05,0.026608,1e-05,0.973332,1e-05,1e-05,1e-05,1e-05
"532",56.68,16.5,0.497837,0.071702,1e-05,0.128673,0.265019,1e-05,0.014696,0.022052
"533",56.3,16,0.579681,0.032114,1e-05,0.031991,0.341482,0.005065,1e-05,0.009646
"534",41.1876,-87.1923,1e-05,1e-05,1e-05,1e-05,1e-05,0.99993,1e-05,1e-05
"535",56.4606,15.8127,0.611325,0.047613,1e-05,0.012085,0.267688,0.021076,1e-05,0.040192
"536",48.8,17.1,1e-05,1e-05,1e-05,1e-05,0.99993,1e-05,1e-05,1e-05
"537",49.33,15.76,1e-05,1e-05,1e-05,1e-05,0.99993,1e-05,1e-05,1e-05
"538",55.8,13.1,0.893054,1e-05,1e-05,1e-05,0.106886,1e-05,1e-05,1e-05
"539",51.15,0.4,0.083062,0.420476,1e-05,1e-05,0.492334,0.004088,1e-05,1e-05
"540",51,7,1e-05,0.599926,1e-05,1e-05,0.384997,1e-05,0.015027,1e-05
"541",55.705,13.196,0.832489,0.070669,1e-05,0.013943,0.082859,1e-05,1e-05,1e-05
"542",55.9473,13.821,0.656672,0.017472,0.019417,1e-05,0.291866,1e-05,1e-05,0.014544
"543",56.1494,15.7884,0.500819,0.177044,1e-05,0.078118,0.223679,1e-05,0.00461,0.01571
"544",43.7703,11.2547,1e-05,0.646391,0.188176,1e-05,0.165383,1e-05,1e-05,1e-05
"545",48.6103,2.3086,0.03993,0.713632,0.007299,0.019855,0.105616,0.018325,0.095333,1e-05
"546",35,-79.18,0.121348,0.238277,0.010164,0.030134,0.06146,0.538598,1e-05,1e-05
"547",56.07,13.74,0.938214,0.010363,1e-05,1e-05,1e-05,0.029963,1e-05,0.021421
"548",57.7,15.8,0.451666,0.029557,1e-05,0.083038,0.411565,1e-05,0.024144,1e-05
"549",56.4,12.9,0.438965,0.299228,1e-05,0.028531,0.233237,1e-05,1e-05,1e-05
"550",56.4,12.9,0.852922,0.060027,1e-05,0.087001,1e-05,1e-05,1e-05,1e-05
"551",56.4,12.9,0.86331,0.055087,1e-05,0.081553,1e-05,1e-05,1e-05,1e-05
"552",41.6833,2.8,0.006591,0.551659,0.077852,1e-05,0.02291,1e-05,0.340959,1e-05
"553",55.76,14.12,0.59366,0.166005,1e-05,1e-05,0.237141,0.003154,1e-05,1e-05
"554",49.4112,16.2815,1e-05,1e-05,1e-05,1e-05,0.99993,1e-05,1e-05,1e-05
"555",49.4112,16.2815,1e-05,1e-05,1e-05,1e-05,0.99993,1e-05,1e-05,1e-05
"556",50,8.5,1e-05,1e-05,1e-05,1e-05,0.99993,1e-05,1e-05,1e-05
"557",46.5,6.08,1e-05,0.848713,1e-05,1e-05,0.14398,0.007257,1e-05,1e-05
"558",56.1,13.74,0.803358,1e-05,1e-05,0.002949,0.156673,0.03698,1e-05,1e-05
"559",56.1,13.74,0.638708,0.196413,1e-05,1e-05,0.051726,0.063716,1e-05,0.049408
"560",47.5,11.5,1e-05,0.129898,0.07063,1e-05,0.799423,1e-05,1e-05,1e-05
"561",50.5,7.5,0.139261,0.534351,1e-05,1e-05,0.320356,0.005992,1e-05,1e-05
"562",56.0328,14.775,0.6253,0.002532,1e-05,0.000389,0.36129,0.01046,1e-05,1e-05
"563",55.71,13.2,0.245154,0.088801,1e-05,0.072776,0.579974,0.013264,1e-05,1e-05
"564",55.71,13.2,0.99993,1e-05,1e-05,1e-05,1e-05,1e-05,1e-05,1e-05
"565",44,12.37,1e-05,0.749518,0.107379,1e-05,0.14305,1.2e-05,1e-05,1e-05
"566",47.5,1.5,0.170008,0.257489,1e-05,0.012357,0.511032,0.046341,1e-05,0.002754
"567",60.25,18.37,0.146728,0.083405,1e-05,0.591669,0.123764,0.054403,1e-05,1e-05
"568",58,56.3167,1e-05,1e-05,1e-05,1e-05,0.347754,1e-05,1e-05,0.652186
"569",41.5,2.25,1e-05,0.56367,0.08476,1e-05,1e-05,1e-05,0.351521,1e-05
"570",49,16,1e-05,1e-05,1e-05,1e-05,0.99993,1e-05,1e-05,1e-05
"571",50.5,8.5,0.067968,0.267068,1e-05,1e-05,0.664915,1e-05,1e-05,1e-05
"572",55.6942,13.4504,0.99993,1e-05,1e-05,1e-05,1e-05,1e-05,1e-05,1e-05
"573",62.69,18,0.00583,1e-05,1e-05,0.966414,0.008307,0.019409,1e-05,1e-05
"574",58.9,11.2,1e-05,1e-05,1e-05,1e-05,0.993476,0.006464,1e-05,1e-05
"575",59,18,0.034733,0.650144,1e-05,0.028951,0.270297,0.015845,1e-05,1e-05
"576",54.6833,25.3167,0.09352,1e-05,1e-05,1e-05,0.640686,0.002601,1e-05,0.263153
"577",50.0667,8.5333,0.047762,0.434482,1e-05,0.011127,0.506588,1e-05,1e-05,1e-05
"578",56.06,14.29,0.986222,1e-05,1e-05,0.013718,1e-05,1e-05,1e-05,1e-05
"579",35,77,1e-05,1e-05,1e-05,1e-05,1e-05,1e-05,1e-05,0.99993
"580",56.06,13.97,0.595891,0.144815,1e-05,1e-05,0.223502,0.035753,1e-05,1e-05
"581",56.0648,13.9707,0.717908,0.074596,1e-05,1e-05,0.134001,0.073454,1e-05,1e-05
"582",41.6862,-86.8513,1e-05,1e-05,1e-05,1e-05,1e-05,0.99993,1e-05,1e-05
"583",41.6862,-86.8513,1e-05,1e-05,1e-05,1e-05,1e-05,0.99993,1e-05,1e-05
"584",42.0945,-86.3253,1e-05,1e-05,1e-05,1e-05,1e-05,0.99993,1e-05,1e-05
"585",42.0945,-86.3253,1e-05,1e-05,1e-05,1e-05,1e-05,0.99993,1e-05,1e-05
"586",42.036,-86.511,1.5e-05,0.349355,1e-05,1e-05,1e-05,0.65058,1e-05,1e-05
"587",56.1,13.9167,0.706278,0.054988,1e-05,1e-05,0.200643,0.03805,1e-05,1e-05
"588",57.75,16.6333,0.467382,0.11399,1e-05,0.271251,0.12291,0.023459,1e-05,0.000989
"589",38.6536,48.7992,1e-05,1e-05,0.99993,1e-05,1e-05,1e-05,1e-05,1e-05
"590",38.6536,48.7992,1e-05,1e-05,0.99993,1e-05,1e-05,1e-05,1e-05,1e-05
"591",38.6536,48.7992,1e-05,1e-05,0.99993,1e-05,1e-05,1e-05,1e-05,1e-05
"592",38.7406,48.6131,1e-05,1e-05,0.999926,1e-05,1.4e-05,1e-05,1e-05,1e-05
"593",38.7406,48.6131,1e-05,1e-05,0.999913,1.7e-05,2e-05,1e-05,1e-05,1e-05
"594",38.7833,48.5517,1e-05,1e-05,0.99993,1e-05,1e-05,1e-05,1e-05,1e-05
"595",38.7833,48.5517,1e-05,1e-05,0.99993,1e-05,1e-05,1e-05,1e-05,1e-05
"596",38.7833,48.5517,1e-05,1e-05,0.99993,1e-05,1e-05,1e-05,1e-05,1e-05
"597",38.7833,48.5517,1e-05,1e-05,0.99993,1e-05,1e-05,1e-05,1e-05,1e-05
"598",38.9522,48.925,1e-05,1e-05,0.99993,1e-05,1e-05,1e-05,1e-05,1e-05
"599",38.9522,48.925,1e-05,1e-05,0.99993,1e-05,1e-05,1e-05,1e-05,1e-05
"600",38.9786,48.5594,1e-05,1e-05,0.99993,1e-05,1e-05,1e-05,1e-05,1e-05
"601",38.9786,48.5594,1e-05,1e-05,0.99993,1e-05,1e-05,1e-05,1e-05,1e-05
"602",41.8296,46.2831,1e-05,1e-05,0.998221,1e-05,1e-05,1e-05,0.001719,1e-05
"603",41.8296,46.2831,1e-05,1e-05,0.99993,1e-05,1e-05,1e-05,1e-05,1e-05
"604",41.8296,46.2831,1e-05,1e-05,0.99993,1e-05,1e-05,1e-05,1e-05,1e-05
"605",41.8296,46.2831,1e-05,1e-05,0.99993,1e-05,1e-05,1e-05,1e-05,1e-05
"606",41.8296,46.2831,1e-05,1e-05,0.99993,1e-05,1e-05,1e-05,1e-05,1e-05
"607",41.8296,46.2831,1e-05,1e-05,0.99993,1e-05,1e-05,1e-05,1e-05,1e-05
"608",41.8296,46.2831,1e-05,1e-05,0.99993,1e-05,1e-05,1e-05,1e-05,1e-05
"609",41.8296,46.2831,1e-05,1e-05,0.99993,1e-05,1e-05,1e-05,1e-05,1e-05
"610",41.8296,46.2831,1e-05,1e-05,0.99993,1e-05,1e-05,1e-05,1e-05,1e-05
"611",41.8296,46.2831,1e-05,1e-05,0.99993,1e-05,1e-05,1e-05,1e-05,1e-05
"612",41.7942,43.4767,0.014929,1e-05,0.771959,0.014068,0.083765,0.000261,0.075933,0.039074
"613",40.1408,44.8203,0.051973,1e-05,0.051971,0.004074,1e-05,1e-05,1e-05,0.891942
"614",39.8692,45.3622,1e-05,1e-05,1e-05,1e-05,1e-05,1e-05,1e-05,0.99993
"615",39.8692,45.3622,1e-05,1e-05,1e-05,1e-05,1e-05,1e-05,1e-05,0.99993
"616",39.8692,45.3622,1e-05,1e-05,1e-05,1e-05,1e-05,1e-05,1e-05,0.99993
"617",39.8692,45.3622,1e-05,1e-05,0.023799,1e-05,1e-05,1e-05,1e-05,0.976141
"618",39.8692,45.3622,1e-05,1e-05,0.016869,1e-05,1e-05,1e-05,1e-05,0.983071
"619",55.9681,-3.21833,1e-05,0.99993,1e-05,1e-05,1e-05,1e-05,1e-05,1e-05
"620",57.9,-5.1525,1e-05,0.874509,1e-05,1e-05,0.125427,1.3e-05,1e-05,1e-05
"621",57.9672,-3.96722,1e-05,0.992096,1e-05,1e-05,1e-05,0.007844,1e-05,1e-05
"622",62.8622,18.336,1e-05,1e-05,1e-05,0.99993,1e-05,1e-05,1e-05,1e-05
"623",62.8622,18.336,1.3e-05,1e-05,1e-05,0.999925,1e-05,1.2e-05,1e-05,1e-05
"624",62.8698,18.381,1e-05,1e-05,1e-05,0.99993,1e-05,1e-05,1e-05,1e-05
"625",62.8794,18.4473,0.32207,0.037403,1e-05,0.496691,0.09648,0.04338,1e-05,0.003956
"626",57.7133,15.0689,0.75807,1e-05,1e-05,0.027939,0.21394,1e-05,1e-05,1e-05
"627",57.3089,18.1512,0.49863,0.099772,0.010129,0.275983,0.094321,0.01417,1e-05,0.006985
"628",57.2608,16.3675,0.629187,1e-05,1e-05,0.085413,0.212622,0.020183,1e-05,0.052566
"629",57.2608,16.3675,0.603419,1e-05,1e-05,0.035229,0.25579,1e-05,1e-05,0.105522
"630",62.9147,18.4045,1e-05,1e-05,1.6e-05,0.999924,1e-05,1e-05,1e-05,1e-05
"631",57.6781,14.9986,0.560818,0.088295,1e-05,0.069279,0.253999,0.003967,1e-05,0.023622
"632",57.6781,14.9986,0.513548,1e-05,1e-05,0.094233,0.248207,1e-05,0.024094,0.119888
"633",63.016,18.3175,1e-05,1e-05,1e-05,0.998429,1e-05,1e-05,1e-05,0.001511
"634",55.7488,13.3742,0.99993,1e-05,1e-05,1e-05,1e-05,1e-05,1e-05,1e-05
"635",55.8106,14.2091,0.645433,0.038458,1e-05,0.244094,0.009625,0.030429,0.031941,1e-05
"636",55.8106,14.2091,0.70815,0.004344,1e-05,0.270224,1e-05,1e-05,0.017241,1e-05
"637",55.8106,14.2091,0.584586,0.057723,1e-05,0.293895,0.024048,0.027969,0.011759,1e-05
"638",62.806,18.1896,1e-05,1e-05,1e-05,0.99993,1e-05,1e-05,1e-05,1e-05
"639",62.806,18.1896,1e-05,1e-05,1e-05,0.99993,1e-05,1e-05,1e-05,1e-05
"640",57.3263,15.8979,0.371208,1e-05,1e-05,1e-05,0.44697,1e-05,1e-05,0.181772
"641",57.3263,15.8979,0.428089,1e-05,1e-05,0.084111,0.342615,1e-05,1e-05,0.145146
"642",57.3263,15.8979,0.338244,1e-05,1e-05,0.007102,0.436811,1e-05,1e-05,0.217803
"643",56.5804,16.4063,0.592267,0.099596,1e-05,0.238116,0.043323,0.014498,0.01218,1e-05
"644",57.5089,15.0105,0.606414,0.288403,1e-05,0.087034,1e-05,1e-05,0.01811,1e-05
"645",55.4234,13.9905,0.783044,0.114287,1e-05,1e-05,0.089367,0.010484,1e-05,0.002789
"646",57.8765,14.8549,0.52191,1e-05,0.02027,0.174668,0.265281,0.01784,1e-05,1e-05
"647",55.7491,13.399,0.99993,1e-05,1e-05,1e-05,1e-05,1e-05,1e-05,1e-05
"648",55.7491,13.399,0.99993,1e-05,1e-05,1e-05,1e-05,1e-05,1e-05,1e-05
"649",55.7491,13.399,0.999927,1e-05,1e-05,1e-05,1.3e-05,1e-05,1e-05,1e-05
"650",56.047,13.9519,0.899408,1e-05,1e-05,1e-05,0.098772,0.00177,1e-05,1e-05
"651",56.0573,14.302,0.660269,1e-05,1e-05,1e-05,0.339671,1e-05,1e-05,1e-05
"652",57.2746,16.1494,0.44233,1e-05,1e-05,0.13505,0.301568,1e-05,1e-05,0.121013
"653",57.2746,16.1494,0.390913,1e-05,1e-05,0.164905,0.295256,1e-05,1e-05,0.148886
"654",57.7215,18.3837,0.61307,0.072323,1e-05,0.214471,0.065157,0.001342,0.033617,1e-05
"655",55.9745,14.3997,0.759193,1e-05,1e-05,0.042305,0.198452,1e-05,1e-05,1e-05
"656",62.8815,18.4055,1e-05,1e-05,1e-05,0.99993,1e-05,1e-05,1e-05,1e-05
"657",62.9513,18.2763,1.6e-05,1e-05,1e-05,0.999924,1e-05,1e-05,1e-05,1e-05
"658",56.1633,14.6806,0.599797,0.049405,1e-05,0.010995,0.339763,1e-05,1e-05,1e-05
"659",56.1633,14.6806,0.707423,0.028049,1e-05,0.145788,0.108582,1e-05,1e-05,0.010128
"660",55.5678,14.3398,0.845235,1e-05,1e-05,0.154705,1e-05,1e-05,1e-05,1e-05
"661",57.2545,18.2109,0.46184,0.094635,1e-05,0.040362,0.351218,0.009441,1e-05,0.042484
"662",57.2545,18.2109,0.663498,0.150475,1e-05,0.091758,0.094229,1e-05,1e-05,1e-05
"663",57.2545,18.2109,0.593542,0.1885,1e-05,0.077367,0.14055,1e-05,1e-05,1e-05
"664",57.8009,18.5162,0.705719,0.072197,1e-05,0.090082,1e-05,0.011009,0.028679,0.092294
"665",57.8009,18.5162,0.706793,0.096538,1e-05,0.055201,0.076752,0.021209,1e-05,0.043487
"666",57.8009,18.5162,0.688918,0.100006,1e-05,0.091913,0.024904,0.071065,0.005019,0.018164
"667",57.6511,14.8043,0.621426,0.058111,0.042413,0.07706,0.164667,0.036303,1e-05,1e-05
"668",56.0648,13.9707,0.99993,1e-05,1e-05,1e-05,1e-05,1e-05,1e-05,1e-05
"669",55.5796,14.3336,0.850539,0.00029,1e-05,0.138532,1e-05,0.0106,1e-05,1e-05
"670",55.4242,13.8484,0.698018,0.030778,1e-05,0.040236,0.211791,0.019146,1e-05,1e-05
"671",55.8877,-3.21072,0.025241,0.942706,1e-05,0.017216,1e-05,0.014797,1e-05,1e-05
"672",40.11,-7.47,1e-05,0.43582,0.042564,1.3e-05,0.028866,0.020083,0.472635,1e-05
"673",38.45,-7.5,1e-05,1e-05,0.99993,1e-05,1e-05,1e-05,1e-05,1e-05
"674",40.04,-7.11,1e-05,0.25201,0.011066,1e-05,1e-05,1e-05,0.736873,1e-05
"675",39.29,-7.4,1e-05,0.140514,0.450522,1e-05,1e-05,0.013091,0.395833,1e-05
"676",38.75,-7.59,1e-05,0.075208,0.565077,1e-05,1e-05,0.011197,0.348477,1e-05
"677",38.53,-8.02,1e-05,0.158566,0.566595,1e-05,1e-05,0.013559,0.26124,1e-05
"678",38.22,-7.84,0.000941,0.09265,0.538295,1e-05,1e-05,0.002377,0.365707,1e-05
"679",38.77,-4.07,1e-05,0.27012,0.096299,1e-05,1e-05,1e-05,0.633531,1e-05
"680",39.15,-4.54,1e-05,0.041508,0.763436,1e-05,1e-05,0.00634,0.188677,1e-05
"681",39.72,-6.89,1e-05,0.161063,0.58552,1e-05,1e-05,1e-05,0.253367,1e-05
"682",42.19,-7.8,1e-05,0.687492,0.06719,1e-05,1e-05,1e-05,0.238815,0.006463
"683",39.88,-0.36,1e-05,1e-05,1e-05,1e-05,1e-05,1e-05,0.99993,1e-05
"684",41.94,2.64,1e-05,0.588614,0.097318,1e-05,1e-05,1e-05,0.314018,1e-05
"685",41.7,-3.68,0.014852,0.502854,0.061917,1e-05,1e-05,0.006492,0.413854,1e-05
"686",41.43,2.13,0.019244,0.440003,0.057297,0.002589,1e-05,1e-05,0.480837,1e-05
"687",36.52,-5.27,1e-05,1e-05,0.912053,1e-05,1e-05,1e-05,0.087887,1e-05
"688",38.37,-2.66,0.014535,0.393209,0.321368,1e-05,1e-05,0.005964,0.264894,1e-05
"689",42.52,-0.56,1e-05,0.395549,1e-05,0.045441,0.011023,1e-05,0.547947,1e-05
"690",42.49,0.54,0.027752,0.025129,1e-05,0.056627,1e-05,1e-05,0.890452,1e-05
"691",41.54,2.39,1e-05,0.572769,0.00614,0.012919,1e-05,1e-05,0.408131,1e-05
"692",40.37,-5.74,1.6e-05,0.52397,1e-05,1e-05,0.035465,0.009139,0.43138,1e-05
"693",40.94,-1.37,1e-05,0.165499,1e-05,0.008114,1e-05,1e-05,0.826336,1e-05
"694",36.97,-3.36,0.047438,0.468935,1e-05,1e-05,0.122732,0.0071,0.353765,1e-05
"695",38.25,-4.32,1e-05,1e-05,0.319848,1e-05,1e-05,1e-05,0.680092,1e-05
"696",41.21,-4.54,1e-05,0.386526,1e-05,1e-05,1e-05,0.017465,0.595959,1e-05
"697",42.23,-4.64,0.027782,0.515172,0.103494,1e-05,1e-05,1e-05,0.353513,1e-05
"698",41.15,-4.32,1e-05,1e-05,1e-05,1e-05,1e-05,1e-05,0.99993,1e-05
"699",40.05,-4.65,1e-05,0.36553,1e-05,1e-05,1e-05,1e-05,0.63441,1e-05
"700",42.31,3.19,0.050043,0.269735,0.066463,0.012712,0.001325,1e-05,0.599702,1e-05
"701",40.83,-2,0.008516,0.131722,1e-05,0.012525,1e-05,1e-05,0.847197,1e-05
"702",38.07,-6.66,1e-05,1e-05,0.807921,1e-05,1e-05,0.009423,0.182606,1e-05
"703",40.29,-6.67,1e-05,0.469342,0.026844,1e-05,1e-05,1e-05,0.503764,1e-05
"704",41.81,2.34,1e-05,0.409734,0.137073,1e-05,1e-05,1e-05,0.453144,1e-05
"705",38.26,-5.42,1e-05,0.140272,0.647352,1e-05,1e-05,0.01513,0.197207,1e-05
"706",40.79,-4.05,1e-05,1e-05,1e-05,1e-05,1e-05,1e-05,0.99993,1e-05
"707",36.77,-5.39,1e-05,1e-05,1e-05,1e-05,1e-05,1e-05,0.99993,1e-05
"708",39.4,-5.33,1e-05,0.081767,0.716837,1e-05,1e-05,1e-05,0.201346,1e-05
"709",39.4,-5.78,1e-05,1e-05,1e-05,1e-05,1e-05,1e-05,0.99993,1e-05
"710",40.82,-1.68,1e-05,0.473769,1e-05,1e-05,1e-05,1e-05,0.526171,1e-05
"711",41.67,2.62,1e-05,0.467627,0.039001,1e-05,0.001491,1e-05,0.491841,1e-05
"712",40.4,-5,1e-05,0.387816,0.064236,1e-05,1e-05,1e-05,0.547898,1e-05
"713",42.23,-3.69,1e-05,1e-05,1e-05,1e-05,1e-05,1e-05,0.99993,1e-05
"714",43.05,-5.37,0.096112,0.022747,1e-05,0.093211,1e-05,1e-05,0.769536,0.018364
"715",42.28,-5.92,0.040797,0.472684,0.03507,1e-05,1e-05,1e-05,0.43999,0.011429
"716",40.87,-4.5,1e-05,0.359701,0.034298,1e-05,1e-05,1e-05,0.60595,1e-05
"717",41.58,-4.71,1e-05,0.409993,1e-05,1e-05,1e-05,1e-05,0.589947,1e-05
"718",38.86,-3.16,1e-05,1e-05,1e-05,1e-05,1e-05,1e-05,0.99993,1e-05
"719",39.58,-3.93,1e-05,1e-05,1e-05,1e-05,1e-05,1e-05,0.99993,1e-05
"720",39.66,-4.34,1e-05,0.276386,1e-05,1e-05,1e-05,1e-05,0.723554,1e-05
"721",42.46,0.7,1e-05,0.026494,1e-05,0.072526,1e-05,1e-05,0.90093,1e-05
"722",41.57,-5.64,0.023714,0.476184,1e-05,1e-05,1.3e-05,1e-05,0.500048,1e-05
"723",38.06,-4.38,0.018018,0.310995,0.19768,1e-05,1e-05,1e-05,0.473266,1e-05
"724",38.19,-6.24,1e-05,0.036468,0.763474,1e-05,1e-05,1e-05,0.200007,1e-05
"725",40.71,-5.04,1e-05,0.508463,1e-05,1e-05,0.001142,0.011779,0.478577,1e-05
"726",41.67,2,1e-05,0.17601,1e-05,1e-05,1e-05,1e-05,0.82393,1e-05
"727",40.45,-1.6,1e-05,0.118388,1e-05,1e-05,1e-05,0.011493,0.870069,1e-05
"728",42.97,-1.23,0.123193,0.628169,0.005838,0.032337,1e-05,0.015894,0.194549,1e-05
"729",42.34,1.3,1e-05,0.157953,1e-05,1e-05,1e-05,0.00104,0.840957,1e-05
"730",42.76,-0.23,1e-05,0.221436,1e-05,0.01773,1e-05,1e-05,0.760784,1e-05
"731",42.87,-6.45,1e-05,0.741006,0.053594,1e-05,1e-05,1e-05,0.179821,0.025539
"732",43.28,-6.01,0.036783,0.72767,0.027271,0.022345,1e-05,1e-05,0.185901,1e-05
"733",41.86,2.99,1e-05,0.452633,0.126562,1e-05,1e-05,1e-05,0.420755,1e-05
"734",38.6,-2.7,1e-05,0.096985,0.119397,1e-05,1e-05,1e-05,0.783568,1e-05
"735",40.86,-4.11,1e-05,0.613784,1e-05,1e-05,1e-05,0.001384,0.384782,1e-05
"736",42.34,2.17,1e-05,0.071118,1e-05,0.055371,1e-05,0.021928,0.851542,1e-05
"737",42.13,-6.7,1e-05,0.560869,1e-05,1e-05,0.090118,1e-05,0.348963,1e-05
"738",38.33,-3.51,1e-05,0.497746,0.123583,1e-05,1e-05,1e-05,0.378621,1e-05
"739",42.84,-5.12,0.038993,0.567669,1e-05,0.021,1e-05,1e-05,0.372298,1e-05
"740",41.48,-1.63,1e-05,0.275176,1e-05,1e-05,1e-05,1e-05,0.724764,1e-05
"741",37.09,-3.38,1e-05,1e-05,1e-05,0.014722,1e-05,1e-05,0.985218,1e-05
"742",41.19,-3.58,0.03324,0.696945,1e-05,1e-05,0.01766,0.010717,0.241408,1e-05
"743",43.4,-7.39,1e-05,0.619948,0.048681,0.091744,1e-05,0.004813,0.218733,0.016061
"744",41.03,-3.27,1e-05,0.495702,1e-05,1e-05,1e-05,1e-05,0.504238,1e-05
"745",41.5,-1.88,1e-05,0.606415,1e-05,1e-05,0.010703,0.018492,0.364349,1e-05
"746",42.11,0.6,1e-05,1e-05,1e-05,0.023146,1e-05,0.006456,0.970348,1e-05
"747",41.6,-2.83,0.056968,0.667094,1e-05,1e-05,1e-05,0.003987,0.271911,1e-05
"748",43.37,-5.49,0.029317,0.73876,1e-05,0.065825,1e-05,0.020236,0.145833,1e-05
"749",42.86,-3.59,0.003877,0.532704,0.054405,0.012251,0.040511,1e-05,0.356232,1e-05
"750",42.1,-5.44,1e-05,0.739161,0.006942,1e-05,0.049813,0.000301,0.203753,1e-05
"751",42.26,-2.99,0.110803,0.074221,1e-05,0.119392,1e-05,1.1e-05,0.695543,1e-05
"752",42.04,1.01,1e-05,0.03063,1e-05,0.028501,1e-05,1e-05,0.940818,1e-05
"753",40.89,-5.5,1e-05,0.467056,1e-05,1e-05,0.01666,0.009986,0.506257,1e-05
"754",41.95,-7.45,1e-05,0.523029,1e-05,1e-05,0.043729,1e-05,0.411077,0.022124
"755",42.31,-2.53,0.019757,0.57241,1e-05,1e-05,0.015356,0.000149,0.392299,1e-05
"756",41.88,-6.51,1e-05,1e-05,1e-05,1e-05,1e-05,1e-05,0.99993,1e-05
"757",42.8,-5.77,1e-05,0.658867,0.1011,1e-05,0.009722,1e-05,0.23027,1e-05
"758",39.85,-6.04,1e-05,1e-05,1e-05,1e-05,1e-05,1e-05,0.99993,1e-05
"759",41.85,-1.88,0.021406,0.495206,0.018043,1e-05,0.042524,0.018369,0.404432,1e-05
"760",40.5,-3.96,1e-05,0.40972,1e-05,1e-05,1e-05,1e-05,0.59022,1e-05
"761",31.48,-7.45,0.020546,0.067189,1e-05,0.032984,0.187199,1e-05,0.611391,0.08067
"762",53.05,52.15,1e-05,1e-05,1e-05,1e-05,1e-05,1e-05,1e-05,0.99993
"763",51.37,59.44,1e-05,1e-05,1e-05,1e-05,0.027901,1e-05,1e-05,0.972039
"764",51.41,59.98,1e-05,1e-05,1e-05,1e-05,1e-05,1e-05,1e-05,0.99993
"765",53.04,51.96,1e-05,1e-05,1e-05,1e-05,1e-05,1e-05,1e-05,0.99993
"766",53.04,51.9,1e-05,1e-05,1e-05,1e-05,1e-05,1e-05,1e-05,0.99993
"767",53.04,51.94,1e-05,1e-05,1e-05,1e-05,1e-05,1e-05,1e-05,0.99993
"768",55.36,61.41,1e-05,0.109033,0.578549,1e-05,0.109207,1e-05,1e-05,0.203171
"769",52.99,52.16,1e-05,1e-05,1e-05,1e-05,0.043708,1e-05,1e-05,0.956232
"770",53.06,51.96,1e-05,1e-05,1e-05,0.023016,0.006401,1e-05,1e-05,0.970533
"771",51.37,59.44,1e-05,1e-05,1e-05,1e-05,1e-05,1e-05,1e-05,0.99993
"772",51.84,79.48,1e-05,1e-05,1e-05,1.1e-05,1e-05,1e-05,1e-05,0.999929
"773",51.82,79.48,1e-05,1e-05,1e-05,1e-05,1e-05,1e-05,1e-05,0.99993
"774",51.84,79.46,1e-05,1e-05,1e-05,1e-05,1e-05,1e-05,1e-05,0.99993
"775",52.52,85.27,0.045235,1e-05,0.158498,1e-05,0.381767,1e-05,1e-05,0.41446
"776",53.6,79.37,1e-05,1e-05,1e-05,1e-05,1e-05,1e-05,1e-05,0.99993
"777",51.31,82.59,1e-05,1e-05,1e-05,1e-05,1e-05,1e-05,1e-05,0.99993
"778",51.36,82.59,1e-05,1e-05,1e-05,1e-05,1e-05,1e-05,1e-05,0.99993
"779",51.32,82.55,1e-05,1e-05,1e-05,1e-05,1e-05,1e-05,1e-05,0.99993
"780",51.33,82.54,1e-05,1e-05,1e-05,1e-05,1e-05,1e-05,1e-05,0.99993
"781",51.35,82.18,1e-05,1e-05,1e-05,1e-05,1e-05,1e-05,1e-05,0.99993
"782",51.34,82.16,1e-05,1e-05,1e-05,1e-05,1e-05,1e-05,1e-05,0.99993
"783",51.65,80.79,1e-05,1e-05,1e-05,1e-05,1e-05,1e-05,1e-05,0.99993
"784",51.67,80.82,1e-05,1e-05,1e-05,1e-05,1e-05,1e-05,1e-05,0.99993
"785",51.63,80.83,1e-05,1e-05,1e-05,1e-05,1e-05,1e-05,1e-05,0.99993
"786",54.13,81.31,1e-05,1e-05,1e-05,1e-05,1e-05,1e-05,1e-05,0.99993
"787",51.87,80.6,1e-05,1e-05,1e-05,1e-05,1e-05,2e-05,1e-05,0.99992
"788",51.75,80.82,1e-05,1e-05,1e-05,1e-05,1e-05,1e-05,1e-05,0.99993
"789",51.77,80.85,1e-05,1e-05,1e-05,1e-05,1e-05,1e-05,1e-05,0.99993
"790",51.73,80.86,1e-05,1e-05,1e-05,1e-05,1e-05,1e-05,1e-05,0.99993
"791",53.82,80.31,1e-05,1e-05,1e-05,1e-05,1e-05,1e-05,1e-05,0.99993
"792",51.87,80.06,1e-05,1e-05,1e-05,1e-05,1e-05,1e-05,1e-05,0.99993
"793",51.9,80.06,1e-05,1e-05,1e-05,1e-05,1e-05,1e-05,1e-05,0.99993
"794",51.84,80.06,1e-05,1e-05,1e-05,1e-05,1e-05,1e-05,1e-05,0.99993
"795",52.1,79.31,1e-05,1e-05,1e-05,1e-05,1e-05,1e-05,1e-05,0.99993
"796",45.07,18.72,0.010354,0.05706,0.308849,1e-05,0.615907,1e-05,1e-05,0.0078
"797",45.17,18.7,1e-05,0.178472,1e-05,1e-05,0.771473,1e-05,1e-05,0.050005
"798",39.126899,16.170188,1e-05,0.205566,0.787525,1e-05,0.006859,1e-05,1e-05,1e-05
"799",40.37,16.77,1e-05,0.148517,0.851423,1e-05,1e-05,1e-05,1e-05,1e-05
"800",39.48,16.28,1e-05,0.121298,0.878642,1e-05,1e-05,1e-05,1e-05,1e-05
"801",39.13,16.17,1e-05,0.147968,0.816519,1e-05,0.035463,1e-05,1e-05,1e-05
"802",40.68,14.87,0.037699,0.217695,0.74235,1e-05,0.002216,1e-05,1e-05,1e-05
"803",38.44,16.13,1e-05,0.103513,0.896427,1e-05,1e-05,1e-05,1e-05,1e-05
"804",38.92,16.47,1e-05,0.049252,0.950688,1e-05,1e-05,1e-05,1e-05,1e-05
"805",40.64,17.31,1e-05,0.118101,0.881839,1e-05,1e-05,1e-05,1e-05,1e-05
"806",38.45,16.04,1e-05,0.123037,0.876903,1e-05,1e-05,1e-05,1e-05,1e-05
"807",38.97,16.34,1e-05,0.051937,0.922836,1e-05,0.025177,1e-05,1e-05,1e-05
"808",41.18,14.18,1e-05,0.267545,0.732395,1e-05,1e-05,1e-05,1e-05,1e-05
"809",40.84,14.57,1e-05,0.35764,0.635129,1e-05,1e-05,0.007181,1e-05,1e-05
"810",39.58,16.21,1e-05,0.143007,0.856933,1e-05,1e-05,1e-05,1e-05,1e-05
"811",41.33,14.09,1e-05,0.379191,0.524038,1e-05,0.096721,1e-05,1e-05,1e-05
"812",46.366,11.2832,1e-05,1e-05,1e-05,1e-05,0.99993,1e-05,1e-05,1e-05
"813",46.366,11.2832,1e-05,1e-05,1e-05,1e-05,0.99993,1e-05,1e-05,1e-05
"814",46.366,11.2832,1e-05,1e-05,1e-05,1e-05,0.99993,1e-05,1e-05,1e-05
"815",46.366,11.2832,1e-05,1e-05,1e-05,1e-05,0.99993,1e-05,1e-05,1e-05
"816",46.3668,11.2837,1e-05,1e-05,1e-05,1e-05,0.99993,1e-05,1e-05,1e-05
"817",46.3668,11.2837,1e-05,1e-05,1e-05,1e-05,0.99993,1e-05,1e-05,1e-05
"818",46.3668,11.2837,1e-05,1e-05,1e-05,0.019364,0.980576,1e-05,1e-05,1e-05
"819",46.3668,11.2837,1e-05,1e-05,1e-05,0.034406,0.965534,1e-05,1e-05,1e-05
"820",46.3668,11.2837,1e-05,1e-05,1e-05,0.017287,0.977775,0.004889,1e-05,1e-05
"821",46.3668,11.2837,1e-05,1e-05,1e-05,0.052383,0.947557,1e-05,1e-05,1e-05
"822",46.3718,11.2866,1e-05,1e-05,1e-05,1e-05,0.99993,1e-05,1e-05,1e-05
"823",46.3718,11.2866,1e-05,1e-05,1e-05,1e-05,0.99993,1e-05,1e-05,1e-05
"824",46.3718,11.2866,1e-05,1e-05,1e-05,0.020649,0.970493,1e-05,1e-05,0.008807
"825",46.3378,11.2928,1e-05,1e-05,1e-05,1e-05,0.99993,1e-05,1e-05,1e-05
"826",46.3378,11.2928,1e-05,1e-05,1e-05,1e-05,0.99993,1e-05,1e-05,1e-05
"827",46.3378,11.2928,1e-05,1e-05,1e-05,1e-05,0.99993,1e-05,1e-05,1e-05
"828",46.3378,11.2928,1e-05,1e-05,1e-05,1e-05,0.99993,1e-05,1e-05,1e-05
"829",46.3378,11.2928,1e-05,1e-05,1e-05,1e-05,0.99993,1e-05,1e-05,1e-05
"830",46.3378,11.2928,1e-05,1e-05,1e-05,1e-05,0.99993,1e-05,1e-05,1e-05
"831",46.3378,11.2928,1e-05,1e-05,1e-05,1e-05,0.99993,1e-05,1e-05,1e-05
"832",46.3378,11.2928,1e-05,1e-05,1e-05,0.004111,0.995829,1e-05,1e-05,1e-05
"833",46.3378,11.2928,1e-05,1e-05,1e-05,1e-05,0.99993,1e-05,1e-05,1e-05
"834",46.3378,11.2928,1e-05,1e-05,1e-05,0.052588,0.940087,0.007276,1e-05,1e-05
"835",46.3378,11.2928,1e-05,1e-05,1e-05,0.037314,0.962626,1e-05,1e-05,1e-05
"836",46.3378,11.2928,0.019978,0.059157,0.162476,1e-05,0.37216,1e-05,1e-05,0.386199
"837",46.3378,11.2928,1e-05,1e-05,1e-05,0.036026,0.959653,0.004271,1e-05,1e-05
"838",46.3378,11.2928,1e-05,1e-05,1e-05,0.035012,0.96107,0.003868,1e-05,1e-05
"839",46.3378,11.2928,1e-05,1e-05,1e-05,1e-05,0.982227,0.017713,1e-05,1e-05
"840",46.3378,11.2928,1e-05,1e-05,1e-05,1e-05,0.982661,0.017279,1e-05,1e-05
"841",46.3378,11.2928,1e-05,1e-05,1e-05,1e-05,0.99993,1e-05,1e-05,1e-05
"842",41.62,23.94,1e-05,0.016539,0.59499,1e-05,0.177711,1e-05,1e-05,0.21072
"843",41.57,23.85,1e-05,0.011591,0.67873,1e-05,0.188447,1e-05,1e-05,0.121192
"844",41.37,23.14,1e-05,0.09692,0.569423,1e-05,0.223562,1e-05,1e-05,0.110055
"845",42.32,23.1,1e-05,0.00347,0.697849,1e-05,0.224725,1e-05,1e-05,0.073916
"846",43.7,25.91,1e-05,1e-05,0.431468,1e-05,0.294705,1e-05,0.009807,0.263981
"847",41.53,23.39,1e-05,0.089792,0.628872,1e-05,0.207219,1e-05,1e-05,0.074077
"848",41.53,23.39,1e-05,0.113862,0.629497,1e-05,0.147142,1e-05,1e-05,0.109459
"849",41.5,23.33,0.010859,0.066326,0.615211,0.000577,0.196244,1e-05,1e-05,0.110765
"850",41.64,24.18,1e-05,0.181806,0.393146,1e-05,0.188172,1e-05,1e-05,0.236835
"851",41.57,24.84,0.018656,0.019819,0.67352,1e-05,0.171486,1e-05,1e-05,0.11649
"852",41.62,25.35,0.017476,0.034794,0.717732,0.030366,0.11404,1e-05,0.030339,0.055244
"853",41.85,23.13,1e-05,0.030794,0.644502,1e-05,0.207726,0.01518,1e-05,0.101768
"854",41.85,23.13,1e-05,0.13642,0.528627,1e-05,0.201022,1e-05,1e-05,0.133892
"855",42.32,23.1,0.017113,0.110366,0.589277,1e-05,0.133824,1e-05,1e-05,0.14939
"856",42.32,23.1,1e-05,0.005743,0.693036,1e-05,0.229073,1e-05,1e-05,0.072108
"857",42.49,25.61,1e-05,0.026261,0.613099,1e-05,0.233436,1e-05,1e-05,0.127163
"858",41.84,25.75,0.009325,1e-05,0.768318,0.038935,0.107075,1e-05,1e-05,0.076316
"859",41.54,24.98,1e-05,1e-05,0.754907,0.011641,0.129837,1e-05,1e-05,0.103575
"860",41.66,25.47,0.016094,0.113402,0.652087,0.014918,0.128156,1e-05,0.017133,0.058201
"861",41.55,24.75,1e-05,0.183171,0.576301,1e-05,0.141562,1e-05,1e-05,0.098925
"862",41.83,25.69,0.006383,0.151395,0.602886,1e-05,0.159579,1e-05,1e-05,0.079726
"863",41.77,25.68,0.048592,1e-05,0.760054,0.033403,0.075079,0.027079,1e-05,0.055772
"864",42.72,25.33,1e-05,0.11847,0.55688,1e-05,0.119015,1e-05,1e-05,0.205595
"865",41.71,24.41,1e-05,0.0828,0.61084,0.012077,0.067175,0.015322,1e-05,0.211767
"866",41.42,23.67,0.02013,0.094287,0.432932,1e-05,0.128235,1e-05,1e-05,0.324385
"867",37.6,23.08,1e-05,0.09188,0.754232,0.001807,0.143636,1e-05,1e-05,0.008416
"868",37.07,22.04,1e-05,1e-05,0.944912,1e-05,0.055028,1e-05,1e-05,1e-05
"869",37.63,21.62,1e-05,1e-05,1e-05,1e-05,0.99993,1e-05,1e-05,1e-05
"870",48.46,18.9,1e-05,1e-05,0.030937,1e-05,0.941189,1e-05,1e-05,0.027824
"871",48.46,18.9,1e-05,1e-05,1e-05,0.015593,0.937416,1e-05,1e-05,0.046941
"872",48.47,18.94,0.041626,1e-05,1e-05,1e-05,0.953397,1e-05,1e-05,0.004927
"873",48.46,18.9,1e-05,1e-05,1e-05,1e-05,0.957105,1e-05,1e-05,0.042835
"874",48.47,18.96,0.005512,1e-05,1e-05,1e-05,0.911655,0.019871,1e-05,0.062923
"875",48.47,18.94,1e-05,1e-05,1e-05,1e-05,0.94614,1e-05,1e-05,0.0538
"876",48.47,18.94,1e-05,1e-05,1e-05,1e-05,0.949714,1e-05,1e-05,0.050226
"877",44.69,25.17,1e-05,0.109133,0.212392,1e-05,0.271701,1e-05,1e-05,0.406735
"878",45.95,22.62,1e-05,1e-05,1e-05,1e-05,1e-05,1e-05,1e-05,0.99993
"879",45.57,25.42,1e-05,0.154194,0.295966,1e-05,0.495002,1e-05,1e-05,0.054797
"880",46.01,22.33,1e-05,0.085161,1e-05,0.027931,0.800741,1e-05,1e-05,0.086128
"881",45.84,23.16,1e-05,0.02785,0.068245,1.4e-05,0.765432,1e-05,1e-05,0.13843
"882",45.14,25,1.6e-05,0.085985,0.2737,1e-05,0.176804,1e-05,1e-05,0.463465
"883",47.16,27.59,0.086792,1e-05,0.099403,1e-05,0.438361,1e-05,1e-05,0.375404
"884",41.45,70.05,1.8e-05,1e-05,1e-05,1e-05,1e-05,1e-05,1e-05,0.999922
"885",44.38,21.22,0.030069,1e-05,0.298221,0.001771,0.664279,0.002216,1e-05,0.003424
"886",44.23,21.71,0.016382,1e-05,0.438233,0.003801,0.48131,0.01408,1e-05,0.046175
"887",43.54,22.29,1e-05,0.127006,0.541155,1e-05,0.242506,1e-05,1e-05,0.089292
"888",44.66,21.37,0.056658,1e-05,0.105239,0.006654,0.724459,0.012555,1e-05,0.094415
"889",44.56,22.56,1e-05,0.063956,0.447133,1e-05,0.24138,0.016248,0.015974,0.215289
"890",44.3,21.08,1e-05,0.050061,0.152422,1e-05,0.750306,1e-05,1e-05,0.047172
"891",44.3,21.08,1e-05,0.081023,0.479555,1e-05,0.384154,1e-05,1e-05,0.055228
"892",47.75,88.4,1e-05,1e-05,1e-05,1e-05,1e-05,1e-05,1e-05,0.99993
"893",37.47,49.47,1e-05,1e-05,0.99993,1e-05,1e-05,1e-05,1e-05,1e-05
"894",33.92,35.7,0.099454,0.083314,1e-05,1e-05,0.817182,1e-05,1e-05,1e-05
"895",37.69,14.98,1e-05,1e-05,0.218071,0.03985,0.017626,1e-05,0.696888,0.027535
"896",34.1,35.84,0.000276,1e-05,0.291762,1e-05,1e-05,1e-05,0.707912,1e-05
"897",42.26,74.16,1e-05,1e-05,1e-05,1e-05,1e-05,1e-05,1e-05,0.99993
"898",48.57,9.16,0.003234,0.172721,1e-05,0.022416,0.801589,1e-05,1e-05,1e-05
"899",48.55,8.99,1e-05,0.170793,1e-05,1e-05,0.829147,1e-05,1e-05,1e-05
"900",48.53,9.01,1e-05,0.264732,1e-05,1e-05,0.735207,1.1e-05,1e-05,1e-05
"901",48.56,9.11,1e-05,0.189794,1e-05,1e-05,0.810146,1e-05,1e-05,1e-05
"902",48.41,8.85,1e-05,0.210704,1e-05,1e-05,0.789236,1e-05,1e-05,1e-05
"903",48.59,9.22,0.030777,0.207241,1e-05,1e-05,0.761932,1e-05,1e-05,1e-05
"904",48.41,8.79,1e-05,0.261427,1e-05,1e-05,0.738513,1e-05,1e-05,1e-05
"905",48.43,8.79,1e-05,0.360742,0.011489,1e-05,0.627719,1e-05,1e-05,1e-05
"906",48.57,9.17,1e-05,0.232811,1e-05,1e-05,0.767129,1e-05,1e-05,1e-05
"907",48.41,8.84,1e-05,0.271318,1e-05,1e-05,0.72065,0.007982,1e-05,1e-05
"908",48.5,8.78,1e-05,0.315665,1e-05,1e-05,0.669904,0.014381,1e-05,1e-05
"909",48.43,8.79,1e-05,0.233538,1e-05,1e-05,0.751359,0.015053,1e-05,1e-05
"910",48.52,9.11,1e-05,0.288291,1e-05,1e-05,0.711649,1e-05,1e-05,1e-05
"911",48.53,9.09,1e-05,0.167837,1e-05,1e-05,0.832103,1e-05,1e-05,1e-05
"912",48.52,9.05,0.331925,0.372184,1e-05,0.249969,1e-05,0.013722,0.012342,0.019838
"913",48.5,8.8,1e-05,0.329303,1e-05,1e-05,0.670637,1e-05,1e-05,1e-05
"914",48.54,9.02,1e-05,0.252801,1e-05,1e-05,0.726978,0.020171,1e-05,1e-05
"915",48.54,9.01,1e-05,0.246947,1e-05,1e-05,0.751701,0.001302,1e-05,1e-05
"916",48.5,9,1e-05,0.21736,1e-05,1e-05,0.759218,1e-05,0.023373,1e-05
"917",48.53,9.01,1e-05,0.220594,1e-05,1e-05,0.760437,0.018918,1e-05,1e-05
"918",48.39,8.96,1e-05,0.287078,0.019753,1e-05,0.637952,0.020771,0.007881,0.026544
"919",48.58,9.18,0.009646,0.185444,0.030914,1e-05,0.711713,0.015759,0.046505,1e-05
"920",48.6,9.2,1e-05,0.172314,1e-05,1e-05,0.807206,0.02043,1e-05,1e-05
"921",48.54,9.09,1e-05,0.201107,1e-05,1e-05,0.798833,1e-05,1e-05,1e-05
"922",48.57,9.16,1e-05,0.263354,0.054348,1e-05,0.677235,1e-05,0.005024,1e-05
"923",48.52,9.08,1e-05,0.208123,1e-05,1e-05,0.791817,1e-05,1e-05,1e-05
"924",48.5,9.11,1e-05,0.31555,1e-05,1e-05,0.681018,0.003382,1e-05,1e-05
"925",48.41,8.84,0.017983,0.259133,1e-05,0.010639,0.704923,0.007292,1e-05,1e-05
"926",48.54,9.02,1e-05,0.200738,1e-05,1e-05,0.792117,0.007095,1e-05,1e-05
"927",48.54,9.01,1e-05,0.204757,1e-05,1e-05,0.795183,1e-05,1e-05,1e-05
"928",48.39,8.85,1e-05,0.358236,1e-05,1e-05,0.624788,0.016926,1e-05,1e-05
"929",48.54,9.01,0.016392,0.315294,1e-05,1e-05,0.668263,1e-05,1e-05,1e-05
"930",48.54,9.01,1e-05,0.151842,0.007633,1e-05,0.840475,1e-05,1e-05,1e-05
"931",48.51,9.11,1e-05,0.28917,1e-05,1e-05,0.71077,1e-05,1e-05,1e-05
"932",48.42,8.76,1e-05,0.301391,1e-05,1e-05,0.698549,1e-05,1e-05,1e-05
"933",48.45,8.87,1e-05,0.336359,0.000229,1e-05,0.663361,1e-05,1e-05,1e-05
"934",48.54,9.09,1e-05,0.284142,1e-05,1e-05,0.694124,0.021684,1e-05,1e-05
"935",48.56,9.16,1e-05,0.29934,1e-05,1e-05,0.647738,0.019785,0.033097,1e-05
"936",48.6,9.22,1e-05,0.343315,1e-05,1e-05,0.656625,1e-05,1e-05,1e-05
"937",48.52,9.08,1e-05,0.279893,0.017273,1e-05,0.691306,0.011488,1e-05,1e-05
"938",48.52,9.05,0.156785,0.768845,1e-05,0.034895,1e-05,0.019357,1e-05,0.020088
"939",48.53,9.07,1e-05,0.266644,1e-05,1e-05,0.727647,0.005659,1e-05,1e-05
"940",48.52,9.05,1e-05,0.257474,1e-05,1e-05,0.742466,1e-05,1e-05,1e-05
"941",48.52,9.03,1e-05,0.171459,1e-05,1.3e-05,0.828477,1e-05,1e-05,1e-05
"942",48.4,8.77,1e-05,0.270628,1e-05,1e-05,0.729312,1e-05,1e-05,1e-05
"943",48.42,8.79,1e-05,0.289527,1e-05,1e-05,0.710413,1e-05,1e-05,1e-05
"944",48.54,9.02,0.000521,0.237997,1e-05,1e-05,0.761431,1e-05,1e-05,1e-05
"945",48.55,9.06,1e-05,0.35386,1e-05,1e-05,0.64608,1e-05,1e-05,1e-05
"946",39.84,-6.6,1e-05,0.101656,0.410238,1e-05,1e-05,1e-05,0.488056,1e-05
"947",42.35,-3.03,1e-05,0.617279,0.005781,0.003516,1e-05,1e-05,0.373385,1e-05
"948",41,-4.71,1e-05,0.398237,1e-05,1e-05,1e-05,1e-05,0.601703,1e-05
"949",41.81,2.49,1e-05,0.535385,1e-05,1e-05,1e-05,1e-05,0.464555,1e-05
"950",40.52,-4.02,1e-05,0.345366,1e-05,1e-05,1e-05,1e-05,0.654574,1e-05
"951",43.34,-5.84,1e-05,0.877091,1e-05,0.043885,1e-05,0.010103,0.052689,0.016202
"952",42.91,-4.91,1e-05,0.378268,0.056365,0.049819,0.068456,0.00524,0.441832,1e-05
"953",40.4,-3.88,1e-05,0.324402,1e-05,1e-05,1e-05,1e-05,0.675538,1e-05
"954",42.49,-6.71,1e-05,0.735021,1e-05,1e-05,0.020887,1e-05,0.244042,1e-05
"955",42.78,0.69,0.054664,0.614487,0.048159,0.015341,0.227098,1.8e-05,0.040223,1e-05
"956",42.5,-6.15,1e-05,0.618618,1e-05,1e-05,0.051788,1e-05,0.329544,1e-05
"957",36.97,-3.28,0.005794,0.489114,1e-05,0.027016,0.173482,1e-05,0.304565,1e-05
"958",38.54,-3.39,1e-05,0.34653,0.232332,1e-05,1e-05,1e-05,0.421088,1e-05
"959",40.54,-3.69,1e-05,1e-05,1e-05,1e-05,1e-05,1e-05,0.99993,1e-05
"960",40.38,-4.21,1e-05,0.383814,1e-05,1e-05,1e-05,1e-05,0.616126,1e-05
"961",40.51,-3.9,1e-05,0.361248,1e-05,1e-05,1e-05,1e-05,0.638692,1e-05
"962",40.61,-6.57,1e-05,0.520749,0.120683,1e-05,0.047968,1.2e-05,0.310558,1e-05
"963",41.25,-1.32,1e-05,0.114034,1e-05,1e-05,1e-05,0.011498,0.874417,1e-05
"964",37.94,-5.6,1e-05,1e-05,0.05699,1e-05,1e-05,0.009634,0.933326,1e-05
"965",41.83,-5.38,1e-05,0.547335,1e-05,1e-05,0.071781,0.019477,0.361366,1e-05
"966",40.44,-4.27,1e-05,0.482799,1e-05,1e-05,1e-05,0.012169,0.504982,1e-05
"967",41.13,-1.43,1e-05,0.12107,1e-05,1e-05,1e-05,1e-05,0.87887,1e-05
"968",40.59,-4.15,1e-05,0.337906,1e-05,1e-05,1e-05,1e-05,0.662034,1e-05
"969",40.53,-3.92,1e-05,0.387447,1e-05,1e-05,1e-05,1e-05,0.612493,1e-05
"970",42.27,0.19,1e-05,0.116519,1e-05,1e-05,1e-05,1e-05,0.883421,1e-05
"971",40.48,-3.96,1e-05,0.375346,1e-05,1e-05,1e-05,1e-05,0.624594,1e-05
"972",42.31,-3.02,1e-05,0.618514,0.055576,1e-05,1e-05,1e-05,0.32586,1e-05
"973",43.31,-5.7,1e-05,0.980846,1e-05,0.010167,1e-05,0.008937,1e-05,1e-05
"974",40.11,-5.77,1e-05,0.495639,1e-05,1e-05,1e-05,1e-05,0.504301,1e-05
"975",40.65,-4.11,1e-05,0.591003,0.019047,1e-05,0.000469,1e-05,0.378506,0.010945
"976",42.86,-0.7,0.041467,0.395139,1e-05,0.001969,1e-05,1e-05,0.561385,1e-05
"977",42.96,-6.1,1e-05,0.604126,0.013013,0.007129,0.025896,1e-05,0.349806,1e-05
"978",40.46,-3.75,1e-05,0.383264,1e-05,1e-05,1e-05,1e-05,0.616676,1e-05
"979",43.33,-5.91,0.045689,0.898507,1e-05,0.002911,1e-05,1e-05,0.016232,0.036631
"980",43.36,-5.88,1e-05,0.913721,1e-05,0.004006,1e-05,0.013045,0.069188,1e-05
"981",40.57,-3.89,1e-05,0.316147,1e-05,1e-05,1e-05,1e-05,0.683793,1e-05
"982",40.51,-4,1e-05,0.382837,1e-05,1e-05,1e-05,1e-05,0.617103,1e-05
"983",40.33,-3.8,1e-05,0.471544,1e-05,1e-05,1e-05,1e-05,0.528396,1e-05
"984",40.98,-3.8,1e-05,0.350451,1e-05,0.010452,0.093179,1e-05,0.545878,1e-05
"985",40.5,-3.88,1e-05,0.389784,1e-05,1e-05,1e-05,1e-05,0.610156,1e-05
"986",42.24,-2.62,0.03475,0.716387,1e-05,0.005636,1e-05,1e-05,0.243187,1e-05
"987",40.72,-3.21,1e-05,0.402891,1e-05,1e-05,1e-05,1e-05,0.597049,1e-05
"988",40.45,-3.67,1e-05,0.835607,0.007612,0.02429,0.038147,1e-05,0.094315,1e-05
"989",41.76,2.69,1e-05,0.54054,0.074412,1e-05,1e-05,0.014006,0.371002,1e-05
"990",41.89,-2.79,1e-05,0.420765,0.041642,0.013219,0.08357,1e-05,0.440773,1e-05
"991",40.94,-3.22,1e-05,0.469002,1e-05,1e-05,1e-05,1e-05,0.530938,1e-05
"992",41.78,2.37,0.005954,0.424323,0.002972,1e-05,1e-05,1e-05,0.566712,1e-05
"993",36.76,-5.28,1e-05,1e-05,1e-05,1e-05,1e-05,1e-05,0.99993,1e-05
"994",41.91,0.17,1e-05,0.205391,1e-05,1e-05,1e-05,1e-05,0.794549,1e-05
"995",40.75,-3.99,1e-05,1e-05,1e-05,1e-05,1e-05,1e-05,0.99993,1e-05
"996",37.94,-5.45,1e-05,1e-05,0.763657,1e-05,1e-05,0.026892,0.209401,1e-05
"997",42.34,-3,1e-05,0.700984,0.02451,1e-05,1e-05,1e-05,0.274456,1e-05
"998",43.38,-5.87,1e-05,0.875916,1e-05,0.018304,1e-05,1e-05,0.10573,1e-05
"999",41.34,0.99,1e-05,0.170713,1e-05,1e-05,1e-05,1e-05,0.829227,1e-05
"1000",43.02,-5.6,1e-05,0.556368,0.055538,1e-05,0.060293,1e-05,0.327761,1e-05
"1001",40.78,-3.62,1e-05,0.268312,1e-05,1e-05,1e-05,0.007272,0.724366,1e-05
"1002",37.6,-1.12,1e-05,1e-05,1e-05,1e-05,1e-05,1e-05,0.99993,1e-05
"1003",42.72,-3.44,0.016906,0.277518,0.028093,0.039276,1e-05,0.014736,0.62345,1e-05
"1004",40.46,-5.32,1e-05,0.490085,1e-05,1e-05,1e-05,1e-05,0.509855,1e-05
"1005",40.46,-4.26,1e-05,0.283914,1e-05,1e-05,1e-05,1e-05,0.716026,1e-05
"1006",42.1,-2.56,0.02199,0.573694,0.048419,0.016124,1e-05,1e-05,0.339743,1e-05
"1007",41.14,-3.68,1e-05,0.563536,1e-05,1e-05,1e-05,1e-05,0.436404,1e-05
"1008",42.38,1.73,0.026662,0.155111,1e-05,1e-05,1e-05,0.015165,0.803022,1e-05
"1009",40.4,-4.77,1e-05,1e-05,1e-05,1.6e-05,1e-05,1e-05,0.999924,1e-05
"1010",40.93,-3.31,1e-05,0.294032,1e-05,1e-05,1e-05,1e-05,0.705908,1e-05
"1011",43.16,-5.07,0.038098,0.556086,0.047577,1e-05,0.005339,1e-05,0.352871,1e-05
"1012",41.93,2.92,1e-05,0.539529,0.072167,1e-05,0.041492,1e-05,0.346772,1e-05
"1013",42.68,-6.96,1e-05,0.456306,0.064502,1e-05,1e-05,1e-05,0.479142,1e-05
"1014",42.59,0.76,0.175559,0.236791,1e-05,0.024315,0.206012,1e-05,0.316653,0.040652
"1015",41.78,2.57,1.1e-05,0.687033,0.015623,1e-05,0.035104,1e-05,0.2622,1e-05
"1016",40.95,-5.63,1e-05,0.445359,1e-05,1e-05,1e-05,0.013613,0.540977,1e-05
"1017",41.14,-3.58,0.02009,0.454934,1e-05,1e-05,0.09272,0.012846,0.419381,1e-05
"1018",42.54,0.84,1e-05,0.029597,1e-05,0.035495,0.081093,1e-05,0.853775,1e-05
"1019",37.38,-6.01,1e-05,1e-05,0.919626,1e-05,1e-05,1e-05,0.080314,1e-05
"1020",42.27,-2.98,0.077684,0.451849,1e-05,1e-05,0.050614,0.0169,0.402924,1e-05
"1021",40.71,-3.24,1e-05,0.323231,1e-05,1e-05,1e-05,1e-05,0.676709,1e-05
"1022",42.31,-3.1,1e-05,0.639417,1e-05,1e-05,1e-05,0.012074,0.348459,1e-05
"1023",40.95,-3.31,1e-05,0.424338,1e-05,1e-05,1e-05,0.014668,0.560944,1e-05
"1024",40.76,-4.01,1e-05,1e-05,1e-05,1e-05,1e-05,1e-05,0.99993,1e-05
"1025",40,4.25,1e-05,0.36998,0.22444,1e-05,0.054368,1e-05,0.351172,1e-05
"1026",50.72,3.47,1e-05,0.474004,0.506463,1e-05,1e-05,1e-05,0.019484,1e-05
"1027",50.59,3.3,1e-05,0.99993,1e-05,1e-05,1e-05,1e-05,1e-05,1e-05
"1028",50.68,3.52,1e-05,0.987437,1e-05,0.011645,1e-05,0.000867,1e-05,1e-05
"1029",47.16,4.28,1e-05,0.445927,0.509001,0.020694,1e-05,1.4e-05,0.024334,1e-05
"1030",46.67,4.55,1e-05,0.983703,1e-05,0.016237,1e-05,1e-05,1e-05,1e-05
"1031",47.58,5.33,1e-05,1e-05,1e-05,1e-05,0.99993,1e-05,1e-05,1e-05
"1032",47.45,3.94,0.012823,1e-05,1e-05,1e-05,0.987117,1e-05,1e-05,1e-05
"1033",46.69,4.34,0.005607,0.842847,1e-05,1e-05,0.151496,1e-05,1e-05,1e-05
"1034",47.43,5.21,0.021442,0.771653,1e-05,1e-05,0.158879,1e-05,0.047986,1e-05
"1035",48.54,4.32,1e-05,0.604994,1e-05,1e-05,1e-05,0.394946,1e-05,1e-05
"1036",48.57,4.41,1e-05,0.995902,1e-05,1e-05,1e-05,0.004038,1e-05,1e-05
"1037",48.59,4.24,0.351224,0.494328,1e-05,0.065126,0.046912,0.029125,1e-05,0.013266
"1038",48.91,4.52,0.135888,0.836424,1e-05,1e-05,1e-05,0.018892,0.008756,1e-05
"1039",48.86,4.1,1e-05,0.884281,0.000216,0.00131,0.086688,0.022965,0.004521,1e-05
"1040",44.05,3.69,0.085301,0.831898,1e-05,0.034756,0.041257,0.006758,1e-05,1e-05
"1041",44.12,3.77,1e-05,0.78135,1e-05,1e-05,0.21859,1e-05,1e-05,1e-05
"1042",43.92,3.71,1e-05,0.819105,1e-05,0.017614,0.142964,0.020277,1e-05,1e-05
"1043",43.91,4.14,1e-05,1e-05,1e-05,1e-05,0.99993,1e-05,1e-05,1e-05
"1044",44.12,4.33,1e-05,0.688335,1e-05,0.012384,1e-05,0.28078,0.018461,1e-05
"1045",43.74,3.89,1e-05,0.176315,1e-05,1e-05,0.400941,0.016841,1e-05,0.405862
"1046",50.6,2.93,0.000338,0.573959,0.421992,1e-05,1e-05,0.00367,1e-05,1e-05
"1047",50.79,2.69,1.1e-05,0.999929,1e-05,1e-05,1e-05,1e-05,1e-05,1e-05
"1048",50.65,2.99,1e-05,0.986028,1e-05,1e-05,1e-05,0.013912,1e-05,1e-05
"1049",31.48,-7.45,0.055498,1e-05,1e-05,0.012659,0.198158,0.01062,0.625218,0.097828
"1050",40.92,-8.54,1e-05,0.99993,1e-05,1e-05,1e-05,1e-05,1e-05,1e-05
"1051",41.32,-1.34,1e-05,0.264263,0.01673,1e-05,1e-05,1e-05,0.718957,1e-05
"1052",39.73,-5.74,1e-05,0.063741,0.749778,1e-05,1e-05,0.00121,0.185231,1e-05
"1053",36.83,-6.36,1e-05,1e-05,1e-05,1e-05,1e-05,1e-05,0.99993,1e-05
"1054",41.8,-3.11,1e-05,0.818131,0.031119,1e-05,0.025556,0.002292,0.122872,1e-05
"1055",38.92,-6.34,1e-05,0.138926,0.669842,1e-05,1e-05,0.032923,0.15827,1e-05
"1056",40.74,-3.9,1e-05,1e-05,1e-05,1e-05,1e-05,1e-05,0.99993,1e-05
"1057",41.05,-3.54,1e-05,0.378697,1e-05,0.010827,0.104495,1e-05,0.505941,1e-05
"1058",42.69,-6.93,1e-05,0.784677,1e-05,1e-05,0.001303,0.005254,0.199654,0.009083
"1059",42.63,0.76,0.004258,0.304659,1e-05,0.042253,1e-05,1e-05,0.648791,1e-05
"1060",51.3333,82.5667,1e-05,1e-05,1e-05,1e-05,1e-05,1e-05,1e-05,0.99993
"1061",51.32,82.55,1e-05,1e-05,1e-05,1e-05,1e-05,1e-05,1e-05,0.99993
"1062",51.33,82.19,1e-05,1e-05,1e-05,1e-05,1e-05,1e-05,1e-05,0.99993
"1063",54.09,60.46,1e-05,1e-05,1e-05,1e-05,0.052589,1e-05,1e-05,0.947351
"1064",54.06,60.48,1e-05,1e-05,1e-05,1e-05,0.048736,1e-05,1e-05,0.951204
"1065",53.04,51.75,1e-05,1e-05,1e-05,1.9e-05,1e-05,1.9e-05,1e-05,0.999912
"1066",53.33,49.48,1e-05,1e-05,1e-05,1e-05,1e-05,1e-05,1e-05,0.99993
"1067",53.33,49.48,1e-05,1e-05,1e-05,1e-05,1e-05,1e-05,1e-05,0.99993
"1068",51.31,57.56,1e-05,1e-05,1e-05,1e-05,0.086602,1e-05,1e-05,0.913338
"1069",40.57,15.32,0.01691,0.325593,0.603956,1e-05,0.053502,1e-05,1e-05,1e-05
"1070",39.18,16.26,1e-05,0.188223,0.811717,1e-05,1e-05,1e-05,1e-05,1e-05
"1071",38.36,16.23,1e-05,0.047732,0.952208,1e-05,1e-05,1e-05,1e-05,1e-05
"1072",38.38,16.22,1e-05,0.07218,0.92776,1e-05,1e-05,1e-05,1e-05,1e-05
"1073",40.28,15.65,1e-05,0.313175,0.606081,1e-05,0.080694,1e-05,1e-05,1e-05
"1074",39.27,16.27,1e-05,0.168614,0.807428,1e-05,0.004995,0.018923,1e-05,1e-05
"1075",40.18,16.45,1e-05,0.182191,0.817749,1e-05,1e-05,1e-05,1e-05,1e-05
"1076",46.3716,11.2376,1e-05,1e-05,1e-05,1e-05,0.943174,0.056766,1e-05,1e-05
"1077",46.513,11.331,1e-05,0.08028,1e-05,1e-05,0.903248,0.016422,1e-05,1e-05
"1078",46.513,11.331,1e-05,0.072395,1e-05,1e-05,0.911474,0.016081,1e-05,1e-05
"1079",46.366,11.2832,1e-05,1e-05,1e-05,1e-05,0.99993,1e-05,1e-05,1e-05
"1080",46.3378,11.2928,1e-05,1e-05,1e-05,0.010753,0.986183,0.003013,1e-05,1e-05
"1081",46.3378,11.2928,1e-05,1e-05,1e-05,1e-05,0.992063,0.007877,1e-05,1e-05
"1082",46.2543,11.167,0.042757,0.193332,0.064539,1e-05,0.699273,7e-05,1e-05,1e-05
"1083",46.6297,10.817,1e-05,1e-05,1e-05,0.02272,0.929704,1e-05,0.015919,0.031617
"1084",46.36,11.23,1e-05,0.133235,1e-05,1e-05,0.82882,0.003742,1e-05,0.034164
"1085",38.62,16.17,1e-05,0.201222,0.761459,1e-05,0.006507,0.030772,1e-05,1e-05
"1086",38.76,16.24,1e-05,0.134839,0.860649,1e-05,1e-05,1e-05,1e-05,0.004463
"1087",39.01,16.47,1e-05,0.110398,0.889542,1e-05,1e-05,1e-05,1e-05,1e-05
"1088",41.62,12.87,1e-05,0.5888,0.405382,1e-05,1e-05,0.005768,1e-05,1e-05
"1089",41.62,12.87,1e-05,0.495904,0.502596,1e-05,0.001451,1e-05,1e-05,1e-05
"1090",41.43,23.65,1e-05,0.208779,0.411953,1e-05,0.146334,0.028132,1e-05,0.204772
"1091",41.59,25.2,1e-05,0.043457,0.748431,0.02741,0.158203,1e-05,1e-05,0.022469
"1092",41.43,23.5,0.010372,0.036178,0.679487,1e-05,0.239366,1e-05,1e-05,0.034566
"1093",41.7942,43.4767,1e-05,1e-05,0.737275,0.019482,0.120204,1e-05,1e-05,0.122999
"1094",41.8296,46.2831,1e-05,1e-05,0.99993,1e-05,1e-05,1e-05,1e-05,1e-05
"1095",41.2381,46.3728,1e-05,1e-05,0.99993,1e-05,1e-05,1e-05,1e-05,1e-05
"1096",38.6425,42.2394,1e-05,1e-05,0.498486,1e-05,0.11413,1e-05,1e-05,0.387334
"1097",48.14,9.4,1e-05,0.200838,1e-05,1e-05,0.793978,1e-05,1e-05,0.005134
"1098",48.52,8.8,1e-05,0.205871,0.006811,0.002973,0.752533,0.031782,1e-05,1e-05
"1099",48.56,9.16,1e-05,0.348389,1e-05,1e-05,0.651551,1e-05,1e-05,1e-05
"1100",48.43,8.82,1e-05,0.355605,1e-05,1e-05,0.599633,0.044712,1e-05,1e-05
"1101",48.53,9.06,1e-05,0.278794,1e-05,1e-05,0.721146,1e-05,1e-05,1e-05
"1102",48.52,9.05,0.123442,0.83971,1e-05,0.022354,1e-05,0.014453,1e-05,1e-05
"1103",48.53,9.04,1e-05,0.978327,1e-05,1e-05,1e-05,0.021613,1e-05,1e-05
"1104",44.46,25.74,1e-05,0.185081,0.265372,1e-05,0.187697,0.005976,1e-05,0.355844
"1105",46.11,21.95,1e-05,0.066347,0.0086,1e-05,0.787598,1e-05,1e-05,0.137415
"1106",44.6419,34.3814,0.004683,1e-05,0.758744,0.006892,0.134801,0.006375,0.017948,0.070548
"1107",41.45,70.05,1e-05,1e-05,1e-05,1e-05,1e-05,1e-05,1e-05,0.99993
"1108",41.45,70.05,1e-05,1e-05,1e-05,1e-05,1e-05,1e-05,1e-05,0.99993
"1109",41.45,70.05,1e-05,1e-05,1e-05,1e-05,1e-05,1e-05,1e-05,0.99993
"1110",39.8692,45.3622,1e-05,1e-05,1e-05,1e-05,1e-05,1e-05,1e-05,0.99993
"1111",38.9786,48.5594,1e-05,1e-05,0.99993,1e-05,1e-05,1e-05,1e-05,1e-05
"1112",38.7406,48.6131,1e-05,1e-05,0.99993,1e-05,1e-05,1e-05,1e-05,1e-05
"1113",38.6536,48.7992,1e-05,1e-05,0.99993,1e-05,1e-05,1e-05,1e-05,1e-05
"1114",37.29,71.3,1e-05,1e-05,1e-05,1e-05,1e-05,1.7e-05,1e-05,0.999923
"1115",44.34,21.46,1e-05,0.09192,0.034995,1e-05,0.853606,1e-05,1e-05,0.019438
"1116",44.84,20.16,0.078695,1e-05,0.069835,1e-05,0.819688,1e-05,1e-05,0.031742
"1117",49.17,16.5,1e-05,1e-05,1e-05,1e-05,0.996642,0.003298,1e-05,1e-05
"1118",48.0333,7.7667,1e-05,0.288603,1e-05,1e-05,0.66126,0.050087,1e-05,1e-05
"1119",68.8,15.45,0.289736,0.074744,0.018344,0.319389,0.276328,0.007679,0.01377,1e-05
"1120",48.02838,7.765567,1e-05,0.380649,0.010556,1e-05,0.575238,0.019117,0.01441,1e-05
"1121",62.02,34.12,1e-05,1e-05,1e-05,0.11436,0.002028,0.009197,0.087046,0.787339
"1122",62.02,34.12,0.031646,1e-05,1e-05,0.133675,1e-05,1e-05,0.06616,0.768478
"1123",61.59,35.11,0.051765,1e-05,0.008996,0.08118,1e-05,1e-05,0.088136,0.769893
"1124",61.59,35.11,0.014609,1e-05,0.034809,0.078798,1e-05,1e-05,0.088495,0.783259
"1125",61.94,34.24,0.153146,1e-05,1e-05,0.010571,0.125742,0.016748,1e-05,0.693762
"1126",61.94,34.24,0.217533,0.003793,0.038073,0.08428,1e-05,0.019902,0.008983,0.627425
"1127",61.37,61.37,0.05979,1e-05,1e-05,0.09181,1e-05,1e-05,0.067968,0.780391
"1128",48.3315333,14.72665,0.006952,0.097076,1e-05,1e-05,0.895922,1e-05,1e-05,1e-05
"1129",48.3314667,14.7158667,1e-05,1e-05,1e-05,1e-05,0.99993,1e-05,1e-05,1e-05
"1130",48.3314667,14.7158667,0.032526,1e-05,0.013186,1e-05,0.954237,1e-05,1e-05,1e-05
"1131",60.4,32.09,0.013606,1e-05,1e-05,0.139255,1e-05,0.016619,0.053976,0.776513
"1132",61.57,30.63,0.026319,1e-05,1e-05,0.08476,1e-05,1e-05,0.002964,0.885918
"1133",48.3268333,14.7181667,1e-05,1e-05,1e-05,1e-05,0.99993,1e-05,1e-05,1e-05
"1134",48.3268333,14.7181667,1e-05,1e-05,1e-05,1e-05,0.99993,1e-05,1e-05,1e-05
"1135",48.3268333,14.7181667,1e-05,1e-05,1e-05,1e-05,0.99993,1e-05,1e-05,1e-05
