"","V1","V2","V3","V4","V5","V6","V7","V8","V9","V10","V11","V12"
"1",1e-05,0.116589,0.518458,1e-05,1e-05,0.364863,1e-05,1e-05,1e-05,1e-05,1e-05,1e-05
"2",1e-05,0.038154,0.300716,1e-05,0.011542,0.649508,1e-05,1e-05,1e-05,1e-05,1e-05,1e-05
"3",1e-05,0.014453,0.326183,1e-05,0.010381,0.648904,1e-05,1e-05,1e-05,1e-05,1e-05,1e-05
"4",1e-05,1e-05,0.907078,1e-05,1e-05,0.092822,1e-05,1e-05,1e-05,1e-05,1e-05,1e-05
"5",1e-05,0.20242,1e-05,1e-05,0.541489,0.200868,1e-05,0.038325,1e-05,1e-05,0.011154,0.005684
"6",1e-05,0.044645,0.758538,0.083249,1e-05,0.113452,1e-05,1e-05,1e-05,1e-05,1e-05,4.6e-05
"7",1e-05,0.043185,0.829426,1e-05,1e-05,0.1273,1e-05,1e-05,1e-05,1e-05,1e-05,1e-05
"8",1e-05,1e-05,1e-05,1e-05,1e-05,1e-05,1e-05,1e-05,0.99989,1e-05,1e-05,1e-05
"9",1e-05,1e-05,1e-05,1e-05,1e-05,1e-05,1e-05,1e-05,0.99989,1e-05,1e-05,1e-05
"10",1e-05,1e-05,1e-05,1e-05,1e-05,1e-05,1e-05,1e-05,0.99989,1e-05,1e-05,1e-05
"11",1e-05,1e-05,1e-05,1e-05,1e-05,1e-05,1e-05,1e-05,0.99989,1e-05,1e-05,1e-05
"12",1e-05,1e-05,0.05143,1e-05,1e-05,1e-05,1e-05,1e-05,0.94847,1e-05,1e-05,1e-05
"13",1e-05,1e-05,1e-05,1e-05,1e-05,1e-05,1e-05,1e-05,1e-05,1e-05,1e-05,0.99989
"14",1e-05,1e-05,1e-05,1e-05,1e-05,1e-05,1e-05,1e-05,1e-05,1e-05,1e-05,0.99989
"15",1e-05,1e-05,1e-05,1e-05,1e-05,1e-05,1e-05,1e-05,1e-05,1e-05,1e-05,0.99989
"16",1e-05,1e-05,1e-05,1e-05,1e-05,1.9e-05,1e-05,1e-05,1e-05,1e-05,1e-05,0.999881
"17",1e-05,1e-05,1e-05,1e-05,1e-05,1e-05,1e-05,1e-05,1e-05,1.8e-05,1e-05,0.999882
"18",1e-05,1e-05,1e-05,1e-05,1e-05,1e-05,1e-05,1e-05,1e-05,1e-05,1e-05,0.99989
"19",1e-05,1e-05,1e-05,1e-05,1.5e-05,1e-05,1e-05,1e-05,1e-05,1.8e-05,1e-05,0.999877
"20",1e-05,1e-05,1e-05,1e-05,1e-05,1e-05,1e-05,1e-05,1e-05,1e-05,1e-05,0.99989
"21",1e-05,1e-05,0.037541,1e-05,0.101638,0.662594,1e-05,1e-05,1e-05,0.112395,0.03839,0.047382
"22",1e-05,1e-05,0.347899,1e-05,0.121232,0.502594,1e-05,1e-05,1e-05,0.013388,1e-05,0.014817
"23",1e-05,1e-05,1e-05,1e-05,1e-05,1e-05,1e-05,1.8e-05,1e-05,1e-05,1e-05,0.999882
"24",1e-05,1e-05,1e-05,1e-05,1e-05,1e-05,1e-05,1e-05,1e-05,1e-05,1e-05,0.99989
"25",1e-05,1e-05,1e-05,1e-05,1.5e-05,1e-05,1e-05,1e-05,1e-05,1e-05,1e-05,0.999885
"26",1e-05,1e-05,1e-05,1e-05,1e-05,1e-05,1e-05,1e-05,1e-05,1e-05,1e-05,0.999889
"27",1e-05,1e-05,1e-05,1e-05,1.7e-05,1e-05,1e-05,1e-05,1e-05,1e-05,1e-05,0.999883
"28",1e-05,1e-05,1e-05,1e-05,1e-05,1e-05,1e-05,1e-05,1e-05,1e-05,1e-05,0.99989
"29",0.99989,1e-05,1e-05,1e-05,1e-05,1e-05,1e-05,1e-05,1e-05,1e-05,1e-05,1e-05
"30",0.99989,1e-05,1e-05,1e-05,1e-05,1e-05,1e-05,1e-05,1e-05,1e-05,1e-05,1e-05
"31",0.99989,1e-05,1e-05,1e-05,1e-05,1e-05,1e-05,1e-05,1e-05,1e-05,1e-05,1e-05
"32",0.99989,1e-05,1e-05,1e-05,1e-05,1e-05,1e-05,1e-05,1e-05,1e-05,1e-05,1e-05
"33",0.99989,1e-05,1e-05,1e-05,1e-05,1e-05,1e-05,1e-05,1e-05,1e-05,1e-05,1e-05
"34",1e-05,1e-05,0.308651,0.051717,0.232853,0.173359,1e-05,1e-05,0.008022,0.157104,1e-05,0.068246
"35",1e-05,1e-05,1e-05,1e-05,1.1e-05,1e-05,1e-05,1e-05,1e-05,1.8e-05,1e-05,0.999881
"36",1e-05,1e-05,1e-05,1e-05,1.1e-05,1e-05,1e-05,1e-05,1e-05,1.8e-05,1e-05,0.999881
"37",1e-05,1e-05,1e-05,1e-05,1e-05,1e-05,1e-05,1e-05,1e-05,1e-05,1e-05,0.99989
"38",1e-05,1e-05,1e-05,1e-05,1e-05,1.3e-05,1.7e-05,1.2e-05,1e-05,1e-05,1e-05,0.999878
"39",1e-05,1e-05,1e-05,1e-05,1e-05,0.36001,1e-05,1e-05,1e-05,1e-05,1e-05,0.63989
"40",1e-05,1e-05,0.906353,1e-05,0.024799,1e-05,1e-05,1e-05,0.068758,1e-05,1e-05,1e-05
"41",1e-05,1e-05,1e-05,1e-05,1e-05,0.751498,1e-05,1e-05,1e-05,1e-05,1e-05,0.248402
"42",1e-05,1e-05,1e-05,1e-05,0.047068,0.051519,1e-05,0.05991,1e-05,0.839845,0.001588,1e-05
"43",1e-05,1e-05,1e-05,1e-05,1e-05,1e-05,1e-05,0.021709,1e-05,0.978191,1e-05,1e-05
"44",1e-05,1e-05,0.032677,1e-05,0.057144,0.01476,1e-05,1e-05,1e-05,0.84587,0.036164,0.013325
"45",1e-05,1e-05,1e-05,1e-05,0.027957,1e-05,1e-05,0.093508,1e-05,0.804399,0.034448,0.039619
"46",1e-05,1e-05,1e-05,1e-05,0.041095,0.006754,1e-05,1e-05,1e-05,0.906189,0.032716,0.013176
"47",1e-05,1e-05,1e-05,1e-05,0.010597,0.007976,1e-05,1e-05,1e-05,0.948772,0.001831,0.030753
"48",1e-05,1e-05,1e-05,1e-05,1e-05,1e-05,1e-05,0.47622,1e-05,0.52368,1e-05,1e-05
"49",1e-05,1e-05,1e-05,1e-05,1e-05,1e-05,1e-05,1e-05,1e-05,0.99989,1e-05,1e-05
"50",1e-05,1e-05,1e-05,1e-05,1e-05,1e-05,1e-05,1e-05,0.005205,0.994695,1e-05,1e-05
"51",1e-05,1e-05,1e-05,1e-05,1e-05,1e-05,1e-05,1e-05,1e-05,0.994692,0.005208,1e-05
"52",1e-05,1e-05,1e-05,1e-05,0.264275,0.029293,1e-05,0.12545,1e-05,0.464992,0.092602,0.023328
"53",1e-05,1e-05,0.020232,1e-05,0.294615,1e-05,1e-05,0.120809,1e-05,0.445359,0.09936,0.019564
"54",1e-05,1e-05,1e-05,1e-05,0.633235,1e-05,1e-05,1e-05,0.038002,1e-05,0.328674,1e-05
"55",1e-05,1e-05,1e-05,1e-05,0.622631,1e-05,1e-05,1e-05,0.101599,1e-05,0.27568,1e-05
"56",1e-05,1e-05,1e-05,1e-05,0.641469,0.024223,1e-05,1e-05,0.037761,0.085323,0.196344,0.014821
"57",1e-05,1e-05,1e-05,1e-05,0.723007,1e-05,1e-05,1e-05,0.064682,1e-05,0.186127,0.026104
"58",0.046669,1e-05,1e-05,1e-05,0.014202,1e-05,1e-05,1e-05,1e-05,1e-05,0.939039,1e-05
"59",1e-05,1e-05,1e-05,1e-05,1.2e-05,1e-05,1e-05,1e-05,1e-05,1e-05,1e-05,0.999888
"60",1e-05,1e-05,1e-05,1e-05,1e-05,1e-05,1e-05,1e-05,1e-05,1e-05,1e-05,0.99989
"61",1e-05,1e-05,1e-05,1e-05,1e-05,1e-05,1e-05,1e-05,1e-05,1.1e-05,1e-05,0.999889
"62",1e-05,1e-05,1e-05,1e-05,1e-05,1e-05,1e-05,1e-05,1e-05,1.8e-05,1e-05,0.999882
"63",1e-05,1e-05,1e-05,1e-05,1e-05,1e-05,1e-05,1e-05,1e-05,1e-05,1e-05,0.99989
"64",1e-05,1e-05,1e-05,1e-05,1.1e-05,1e-05,1e-05,1e-05,1e-05,1e-05,1e-05,0.999889
"65",1e-05,1e-05,1e-05,1e-05,1e-05,1e-05,1e-05,1e-05,1e-05,1e-05,1e-05,0.99989
"66",1e-05,1e-05,1e-05,1e-05,1e-05,1.9e-05,1e-05,1e-05,1e-05,1e-05,1e-05,0.999881
"67",1e-05,1e-05,1e-05,1e-05,1e-05,1.6e-05,1e-05,1e-05,1e-05,1e-05,1e-05,0.999884
"68",1e-05,1e-05,1e-05,1e-05,1e-05,1.6e-05,1e-05,1e-05,1e-05,1e-05,1e-05,0.999884
"69",1e-05,1e-05,1e-05,1e-05,1.5e-05,1e-05,1e-05,1e-05,1e-05,1e-05,1e-05,0.999885
"70",1e-05,1e-05,1e-05,1e-05,1e-05,1e-05,1e-05,1e-05,1e-05,1e-05,1e-05,0.99989
"71",1e-05,1e-05,1e-05,1e-05,1e-05,1e-05,1.1e-05,1e-05,1e-05,1.2e-05,1e-05,0.999887
"72",1e-05,1e-05,1e-05,1e-05,1e-05,1e-05,1e-05,1e-05,1e-05,1e-05,1e-05,0.99989
"73",1e-05,1e-05,1e-05,1e-05,0.026462,0.279143,1e-05,1e-05,0.163403,1e-05,1e-05,0.530912
"74",1e-05,1e-05,1e-05,1e-05,1e-05,1e-05,1e-05,1e-05,1e-05,1.8e-05,1e-05,0.999882
"75",1e-05,1e-05,1e-05,1e-05,1e-05,1e-05,1e-05,1e-05,1e-05,1e-05,1e-05,0.99989
"76",1e-05,1e-05,1e-05,1e-05,1e-05,1e-05,1e-05,1.4e-05,1e-05,1e-05,1e-05,0.999886
"77",1e-05,1e-05,0.013869,1e-05,1e-05,0.000488,1e-05,1e-05,0.063258,1e-05,1e-05,0.922304
"78",1e-05,1e-05,1e-05,1e-05,1e-05,0.220092,1e-05,0.027198,0.025906,1e-05,1e-05,0.726724
"79",1e-05,0.015885,0.225745,1e-05,0.011089,0.077946,1e-05,1e-05,1e-05,1e-05,0.003628,0.665646
"80",0.935945,1e-05,1e-05,1e-05,1e-05,1e-05,1e-05,1e-05,0.063955,1e-05,1e-05,1e-05
"81",0.083355,1e-05,1e-05,1e-05,1e-05,0.049755,1e-05,1e-05,0.391027,1e-05,0.013308,0.462485
"82",1e-05,1e-05,1e-05,1e-05,1e-05,1e-05,1e-05,1e-05,1e-05,1e-05,1e-05,0.99989
"83",1e-05,1e-05,1e-05,1e-05,1e-05,1e-05,1e-05,1e-05,1e-05,1e-05,1e-05,0.99989
"84",0.048435,0.02087,0.043157,1e-05,1e-05,0.077101,1e-05,1e-05,0.327301,0.035509,1e-05,0.447577
"85",0.121796,0.034218,0.211295,0.028168,1e-05,0.118806,1e-05,0.003358,0.34991,0.129097,1e-05,0.003322
"86",1e-05,1e-05,1e-05,1e-05,1e-05,1e-05,1e-05,1e-05,1e-05,1.2e-05,1e-05,0.999888
"87",1e-05,1e-05,1e-05,1e-05,1.3e-05,1e-05,1.6e-05,1e-05,1e-05,1e-05,1e-05,0.999881
"88",1e-05,1e-05,1e-05,1e-05,1.2e-05,1e-05,1e-05,1e-05,1e-05,1.1e-05,1e-05,0.999887
"89",1e-05,1e-05,1e-05,1e-05,0.02427,0.226007,1e-05,1e-05,1e-05,1e-05,1e-05,0.749633
"90",1e-05,1e-05,1e-05,1e-05,1e-05,1e-05,1e-05,1e-05,1e-05,1e-05,1e-05,0.99989
"91",1e-05,1e-05,1e-05,1e-05,1e-05,1e-05,1e-05,1e-05,1e-05,1e-05,1e-05,0.99989
"92",1e-05,1e-05,1e-05,1e-05,1e-05,1e-05,1e-05,1e-05,1e-05,1e-05,1e-05,0.99989
"93",1e-05,1e-05,1e-05,1e-05,1.5e-05,1e-05,1e-05,1e-05,1e-05,1e-05,1e-05,0.999885
"94",1e-05,1e-05,1e-05,1e-05,1e-05,1e-05,1e-05,1e-05,1e-05,1e-05,1e-05,0.99989
"95",1e-05,1e-05,1e-05,1e-05,1e-05,1e-05,1e-05,1e-05,1e-05,1e-05,1e-05,0.99989
"96",1e-05,1e-05,1e-05,1e-05,1e-05,1.9e-05,1e-05,1e-05,1e-05,1e-05,1e-05,0.999881
"97",0.007514,1e-05,0.514996,1e-05,0.006464,0.220845,1e-05,0.076623,0.018634,0.040445,1e-05,0.114439
"98",1e-05,1e-05,1e-05,1e-05,1e-05,1e-05,1e-05,1e-05,1e-05,1e-05,1e-05,0.99989
"99",0.23116,1e-05,1e-05,1e-05,1e-05,1e-05,1e-05,1e-05,0.729113,1e-05,0.016787,0.02286
"100",1e-05,1e-05,1e-05,1e-05,1e-05,1e-05,1e-05,1e-05,1e-05,1e-05,1e-05,0.99989
"101",1e-05,1e-05,1e-05,1e-05,1e-05,1e-05,1e-05,1e-05,1e-05,1e-05,1e-05,0.99989
"102",1e-05,1e-05,1e-05,1e-05,1e-05,1e-05,1e-05,1e-05,1.6e-05,1e-05,1e-05,0.999884
"103",1e-05,1e-05,0.148453,1e-05,1e-05,0.515274,1e-05,1e-05,1e-05,1e-05,1e-05,0.336183
"104",1e-05,1e-05,0.076425,1e-05,1e-05,0.373722,1e-05,1e-05,1e-05,1e-05,1e-05,0.549763
"105",1e-05,1e-05,1e-05,1e-05,1e-05,1e-05,1e-05,1e-05,1e-05,1e-05,1e-05,0.99989
"106",1e-05,1e-05,1e-05,1e-05,1e-05,1e-05,1e-05,1e-05,1e-05,1e-05,1e-05,0.99989
"107",1e-05,1e-05,0.437619,1e-05,1e-05,0.544573,1e-05,0.002929,1e-05,1e-05,1e-05,0.014799
"108",1e-05,1e-05,1e-05,1e-05,1e-05,1e-05,1e-05,1e-05,1e-05,1e-05,1e-05,0.99989
"109",1e-05,1e-05,1e-05,1e-05,1e-05,1e-05,1e-05,1e-05,1e-05,1.4e-05,1e-05,0.999886
"110",1e-05,0.114789,0.069985,1e-05,0.087765,0.679827,1e-05,1e-05,1e-05,1e-05,0.020335,0.027239
"111",0.024644,0.036361,0.211175,1e-05,0.020719,0.453556,1e-05,1e-05,1e-05,0.20724,1e-05,0.046256
"112",1e-05,0.017753,0.137545,1e-05,0.044831,0.799791,1e-05,1e-05,1e-05,1e-05,1e-05,1e-05
"113",1e-05,1e-05,1e-05,1e-05,1e-05,0.99989,1e-05,1e-05,1e-05,1e-05,1e-05,1e-05
"114",1e-05,1e-05,1e-05,1e-05,1e-05,0.99989,1e-05,1e-05,1e-05,1e-05,1e-05,1e-05
"115",1e-05,1e-05,1e-05,1e-05,1e-05,0.99989,1e-05,1e-05,1e-05,1e-05,1e-05,1e-05
"116",1e-05,1e-05,1e-05,1e-05,1e-05,0.99989,1e-05,1e-05,1e-05,1e-05,1e-05,1e-05
"117",1e-05,1e-05,1e-05,1e-05,1e-05,0.99989,1e-05,1e-05,1e-05,1e-05,1e-05,1e-05
"118",0.03052,0.050144,0.148196,1e-05,0.051241,0.550727,1e-05,0.031566,1e-05,0.094969,0.023648,0.018959
"119",1e-05,1e-05,1e-05,1.4e-05,1e-05,0.999886,1e-05,1e-05,1e-05,1e-05,1e-05,1e-05
"120",0.053052,1e-05,0.532097,1e-05,1e-05,1e-05,1e-05,1e-05,0.368339,0.046432,1e-05,1e-05
"121",1e-05,0.136431,0.229779,1e-05,0.06399,0.356429,1e-05,1e-05,1e-05,0.126292,0.021489,0.065541
"122",1e-05,0.081577,0.447765,1e-05,0.166206,0.255435,1e-05,0.048947,1e-05,1e-05,1e-05,1e-05
"123",1e-05,0.046246,0.56172,1e-05,0.087343,0.212442,1e-05,1e-05,1e-05,0.080882,1e-05,0.011308
"124",1e-05,1e-05,1e-05,1e-05,1e-05,0.99989,1e-05,1e-05,1e-05,1e-05,1e-05,1e-05
"125",1e-05,1e-05,1e-05,0.000452,1e-05,0.999448,1e-05,1e-05,1e-05,1e-05,1e-05,1e-05
"126",1e-05,1e-05,1e-05,1e-05,1e-05,0.99989,1e-05,1e-05,1e-05,1e-05,1e-05,1e-05
"127",1e-05,1e-05,1e-05,1e-05,1e-05,0.99989,1e-05,1e-05,1e-05,1e-05,1e-05,1e-05
"128",1e-05,1e-05,1e-05,1e-05,1e-05,0.835876,1e-05,1e-05,1e-05,0.126267,0.013672,0.024104
"129",0.002111,1e-05,0.31254,1e-05,0.08193,0.446777,1e-05,0.044286,1e-05,0.094088,1e-05,0.018219
"130",1e-05,1e-05,1e-05,1e-05,1e-05,0.99989,1e-05,1e-05,1e-05,1e-05,1e-05,1e-05
"131",1e-05,1e-05,1e-05,1e-05,1e-05,0.99989,1e-05,1e-05,1e-05,1e-05,1e-05,1e-05
"132",0.043032,1e-05,0.540241,1e-05,1e-05,1e-05,1e-05,1e-05,0.416638,1e-05,1e-05,1e-05
"133",1e-05,1.9e-05,1e-05,1e-05,1e-05,0.999881,1e-05,1e-05,1e-05,1e-05,1e-05,1e-05
"134",1e-05,1e-05,0.18763,1e-05,0.067366,0.74491,1e-05,1e-05,1.4e-05,1e-05,1e-05,1e-05
"135",1e-05,1e-05,1e-05,1e-05,1e-05,0.99989,1e-05,1e-05,1e-05,1e-05,1e-05,1e-05
"136",1e-05,1e-05,1e-05,0.000451,1e-05,0.999449,1e-05,1e-05,1e-05,1e-05,1e-05,1e-05
"137",1e-05,1e-05,1e-05,1e-05,1e-05,0.99989,1e-05,1e-05,1e-05,1e-05,1e-05,1e-05
"138",1e-05,1e-05,0.06456,1e-05,0.805568,0.115876,1e-05,1e-05,1e-05,1e-05,1e-05,0.013917
"139",1e-05,1e-05,1e-05,1e-05,1e-05,0.99989,1e-05,1e-05,1e-05,1e-05,1e-05,1e-05
"140",1e-05,0.040527,0.209888,0.037082,0.270999,0.239076,1e-05,1e-05,1e-05,0.180005,1e-05,0.022372
"141",1e-05,1e-05,0.645964,1e-05,0.186193,0.038112,1e-05,1e-05,1e-05,0.068744,1e-05,0.060916
"142",1e-05,1e-05,0.33415,1e-05,0.099328,1e-05,1e-05,1e-05,0.067332,0.49911,1e-05,1e-05
"143",1e-05,1e-05,0.340687,1e-05,0.229243,0.274898,1e-05,1e-05,1e-05,0.154102,1e-05,0.001
"144",1e-05,1e-05,0.99989,1e-05,1e-05,1e-05,1e-05,1e-05,1e-05,1e-05,1e-05,1e-05
"145",1e-05,1e-05,1e-05,1e-05,1e-05,0.99989,1e-05,1e-05,1e-05,1e-05,1e-05,1e-05
"146",1e-05,0.021403,0.453347,1e-05,0.053961,0.455335,1e-05,1e-05,1e-05,0.015884,1e-05,1e-05
"147",1e-05,0.108476,0.10785,1e-05,0.555264,0.096162,0.011946,1e-05,1e-05,1e-05,0.120242,1e-05
"148",1e-05,1e-05,1e-05,1e-05,1e-05,0.99989,1e-05,1e-05,1e-05,1e-05,1e-05,1e-05
"149",1e-05,1e-05,0.927574,1e-05,0.058141,1e-05,1e-05,1e-05,1e-05,1e-05,1e-05,0.014195
"150",1e-05,1e-05,0.615132,1e-05,0.047955,0.28321,1e-05,1e-05,1e-05,1e-05,1e-05,0.053624
"151",1e-05,1e-05,1e-05,1e-05,0.73887,0.08979,1e-05,0.029116,1e-05,1e-05,0.132086,0.010068
"152",1e-05,1e-05,0.050206,1e-05,0.024049,1e-05,1e-05,0.053681,0.176718,0.689521,0.005764,1e-05
"153",0.028404,1e-05,1e-05,1e-05,0.049168,1e-05,1e-05,0.075968,1e-05,0.796292,0.04884,0.001269
"154",1e-05,1e-05,1e-05,1e-05,0.127413,1e-05,1e-05,0.172947,1e-05,0.651496,0.033476,0.014598
"155",1e-05,1e-05,1e-05,1e-05,1e-05,1e-05,1e-05,0.73934,1e-05,0.26056,1e-05,1e-05
"156",1e-05,1e-05,1e-05,1e-05,1e-05,1e-05,1e-05,1e-05,0.99989,1e-05,1e-05,1e-05
"157",1e-05,1e-05,1e-05,1e-05,1e-05,1e-05,1e-05,1e-05,1e-05,1e-05,0.99989,1e-05
"158",1e-05,1e-05,1e-05,1e-05,0.424566,1e-05,1e-05,0.007774,1e-05,1e-05,0.56757,1e-05
"159",1e-05,1e-05,1e-05,1e-05,0.048667,1e-05,1e-05,1e-05,1e-05,0.932385,0.018858,1e-05
"160",1e-05,1e-05,1e-05,1e-05,1e-05,1e-05,1e-05,1e-05,0.062368,0.937532,1e-05,1e-05
"161",1e-05,1e-05,1e-05,1e-05,1e-05,1e-05,1e-05,1e-05,0.99989,1e-05,1e-05,1e-05
"162",1e-05,1e-05,1e-05,1e-05,1e-05,1e-05,1e-05,1e-05,0.99989,1e-05,1e-05,1e-05
"163",1e-05,1e-05,1e-05,1e-05,1e-05,1e-05,1e-05,1e-05,0.99989,1e-05,1e-05,1e-05
"164",1e-05,1e-05,1e-05,1e-05,1e-05,1e-05,1e-05,1e-05,0.99989,1e-05,1e-05,1e-05
"165",1e-05,1e-05,1e-05,1e-05,1e-05,1e-05,1e-05,1e-05,0.99989,1e-05,1e-05,1e-05
"166",1e-05,1e-05,1e-05,1e-05,1e-05,1e-05,1e-05,1e-05,0.99989,1e-05,1e-05,1e-05
"167",1e-05,1e-05,1e-05,1e-05,1e-05,1e-05,1e-05,1e-05,0.99989,1e-05,1e-05,1e-05
"168",1e-05,1e-05,1e-05,1e-05,1e-05,1e-05,1e-05,1e-05,0.99989,1e-05,1e-05,1e-05
"169",1e-05,1e-05,1e-05,1e-05,1e-05,1e-05,1e-05,1e-05,0.99989,1e-05,1e-05,1e-05
"170",1.3e-05,1e-05,1e-05,1e-05,1e-05,1e-05,1e-05,1e-05,1e-05,1e-05,0.999887,1e-05
"171",1e-05,1e-05,1e-05,1e-05,1e-05,1e-05,1e-05,1e-05,1e-05,1e-05,0.99989,1e-05
"172",1e-05,1e-05,1e-05,1e-05,1e-05,1e-05,1e-05,1e-05,1e-05,1e-05,0.99989,1e-05
"173",1e-05,1e-05,1e-05,1e-05,1e-05,1e-05,1e-05,1e-05,1e-05,1e-05,0.99989,1e-05
"174",1e-05,1e-05,1e-05,1e-05,1e-05,1e-05,1e-05,1e-05,1e-05,1e-05,0.99989,1e-05
"175",0.027423,1e-05,1e-05,1e-05,1e-05,1e-05,1e-05,1e-05,1e-05,1e-05,0.972477,1e-05
"176",1e-05,1e-05,1e-05,1e-05,1e-05,1e-05,1e-05,1e-05,1e-05,1e-05,0.99989,1e-05
"177",1e-05,1e-05,0.017628,1e-05,0.016152,0.080392,1e-05,0.016527,1e-05,0.869231,1e-05,1e-05
"178",1e-05,1e-05,0.022533,1e-05,1e-05,0.008307,1e-05,1e-05,0.020783,0.948297,1e-05,1e-05
"179",1e-05,1e-05,1e-05,1e-05,1e-05,1e-05,1e-05,1e-05,1e-05,0.99989,1e-05,1e-05
"180",1e-05,1e-05,1e-05,1e-05,1e-05,0.056589,1e-05,1e-05,1e-05,0.943311,1e-05,1e-05
"181",1e-05,1e-05,1e-05,1e-05,1e-05,1e-05,1.1e-05,0.847069,1e-05,0.152829,1e-05,1e-05
"182",1e-05,1e-05,1e-05,1e-05,1e-05,1e-05,1e-05,0.99989,1e-05,1e-05,1e-05,1e-05
"183",1e-05,1e-05,1e-05,1e-05,0.501707,1e-05,1e-05,1e-05,1e-05,1e-05,0.498193,1e-05
"184",1e-05,1e-05,1e-05,1e-05,0.476265,1e-05,1e-05,1e-05,1e-05,1e-05,0.523635,1e-05
"185",1e-05,1e-05,1e-05,1e-05,1e-05,1e-05,1e-05,0.14699,1e-05,0.847084,1e-05,0.005836
"186",1e-05,1e-05,1e-05,1e-05,1e-05,1e-05,1e-05,0.32503,0.05358,0.6213,1e-05,1e-05
"187",1e-05,1e-05,1e-05,1e-05,1e-05,1e-05,1e-05,1.2e-05,1e-05,0.999752,1e-05,0.000145
"188",1e-05,1e-05,1e-05,1e-05,1e-05,1e-05,1e-05,0.087181,1e-05,0.912719,1e-05,1e-05
"189",0.002549,1e-05,0.133472,1e-05,1e-05,1e-05,1e-05,1e-05,0.243398,0.620501,1e-05,1e-05
"190",1e-05,1e-05,1e-05,1e-05,0.051962,1e-05,1e-05,0.845896,1e-05,0.102052,1e-05,1e-05
"191",0.073795,1e-05,0.219647,1e-05,0.000498,1e-05,1e-05,1e-05,0.074717,0.605728,1e-05,0.025555
"192",1e-05,1e-05,0.260562,1e-05,0.020784,1e-05,1e-05,1e-05,0.438508,0.266688,1e-05,0.013389
"193",1e-05,1e-05,1e-05,1e-05,0.20888,1e-05,1e-05,1e-05,1e-05,1e-05,0.79102,1e-05
"194",1e-05,1e-05,1e-05,1e-05,0.166646,1e-05,1e-05,0.023661,1e-05,1e-05,0.809603,1e-05
"195",1e-05,1e-05,1e-05,1e-05,1e-05,1e-05,1e-05,1e-05,1e-05,1e-05,0.99989,1e-05
"196",1e-05,1e-05,1e-05,1e-05,1e-05,1e-05,1e-05,1e-05,1e-05,1e-05,0.99989,1e-05
"197",1e-05,1e-05,1e-05,1e-05,1e-05,1e-05,1e-05,1e-05,1e-05,1e-05,0.99989,1e-05
"198",1e-05,1e-05,1e-05,1e-05,1e-05,1e-05,1e-05,1e-05,1e-05,1e-05,0.99989,1e-05
"199",0.022315,0.041236,0.012391,1e-05,0.006016,0.066681,1e-05,1e-05,0.014432,0.828923,1e-05,0.007966
"200",1e-05,0.00838,0.016851,1e-05,0.501216,1e-05,1e-05,1e-05,0.009004,0.458465,1e-05,0.006024
"201",1e-05,1e-05,0.001991,1e-05,1e-05,0.057488,1e-05,1e-05,0.049905,0.890535,1e-05,1e-05
"202",1e-05,1e-05,1e-05,1e-05,1e-05,1e-05,1e-05,0.99989,1e-05,1e-05,1e-05,1e-05
"203",1e-05,1e-05,1e-05,1e-05,1e-05,1e-05,1e-05,1e-05,1e-05,0.99989,1e-05,1e-05
"204",1e-05,1e-05,0.031109,0.046965,0.408641,0.04609,1e-05,0.034158,1e-05,0.203273,0.21271,0.017014
"205",1e-05,1e-05,0.007524,1e-05,0.102347,1e-05,1e-05,1e-05,1e-05,0.834502,0.02385,0.031708
"206",1e-05,0.001677,0.114192,1e-05,0.089326,1e-05,1e-05,1e-05,1e-05,0.784294,0.010441,1e-05
"207",1e-05,1e-05,1e-05,1e-05,1e-05,1e-05,1e-05,0.005531,0.049359,0.94502,1e-05,1e-05
"208",1e-05,1e-05,1e-05,1e-05,1e-05,1e-05,1e-05,0.99989,1e-05,1e-05,1e-05,1e-05
"209",1e-05,1e-05,1e-05,1e-05,1e-05,1e-05,1e-05,1e-05,1e-05,0.99989,1e-05,1e-05
"210",1e-05,1e-05,0.016542,1e-05,0.12654,0.039815,1e-05,1e-05,0.032855,0.784178,1e-05,1e-05
"211",1e-05,1e-05,1e-05,1e-05,1e-05,1e-05,1e-05,1e-05,1e-05,0.99989,1e-05,1e-05
"212",1e-05,1e-05,1e-05,1e-05,1e-05,1e-05,1e-05,1e-05,1e-05,0.99989,1e-05,1e-05
"213",1e-05,1e-05,1e-05,1e-05,1e-05,1e-05,1e-05,1e-05,1e-05,0.99989,1e-05,1e-05
"214",1e-05,1e-05,0.03571,1e-05,0.03882,0.020499,1e-05,0.036137,1e-05,0.813114,0.021343,0.034328
"215",1e-05,1e-05,0.09624,1e-05,0.082832,0.030821,1e-05,1e-05,1e-05,0.771631,0.004501,0.013916
"216",1e-05,1e-05,1e-05,1e-05,1e-05,1e-05,1e-05,1e-05,1e-05,0.99989,1e-05,1e-05
"217",1e-05,1e-05,1e-05,1e-05,1e-05,0.051185,1e-05,1e-05,1e-05,0.948715,1e-05,1e-05
"218",1e-05,1e-05,1e-05,1e-05,1e-05,1e-05,1e-05,1e-05,1e-05,0.99989,1e-05,1e-05
"219",1e-05,1e-05,1e-05,1e-05,0.001511,1e-05,1e-05,0.811835,1e-05,0.186562,1.2e-05,1e-05
"220",1e-05,1e-05,0.06717,1e-05,1e-05,1e-05,1e-05,1e-05,0.033518,0.8652,0.034033,1e-05
"221",1e-05,1e-05,1e-05,1e-05,1e-05,1e-05,1e-05,1e-05,1e-05,0.99989,1e-05,1e-05
"222",1e-05,1e-05,1e-05,1e-05,1e-05,1e-05,1e-05,1e-05,1e-05,0.99989,1e-05,1e-05
"223",1e-05,0.110422,0.181034,1e-05,0.077242,0.572222,1e-05,1e-05,1e-05,0.044981,0.01214,0.001908
"224",1e-05,1e-05,1e-05,1e-05,1e-05,1e-05,1e-05,1e-05,1e-05,0.985081,1e-05,0.014819
"225",1e-05,1e-05,1e-05,1e-05,1e-05,1e-05,1e-05,1e-05,1e-05,0.99989,1e-05,1e-05
"226",1e-05,1e-05,0.030216,1e-05,1e-05,1e-05,1e-05,1e-05,1e-05,0.937921,1e-05,0.031773
"227",1e-05,1e-05,1e-05,1e-05,1e-05,1e-05,1e-05,1e-05,1e-05,0.99989,1e-05,1e-05
"228",1e-05,1e-05,1e-05,1e-05,1e-05,1e-05,1e-05,1e-05,1e-05,0.99989,1e-05,1e-05
"229",1e-05,1e-05,0.028615,1e-05,1e-05,1e-05,1e-05,1e-05,1e-05,0.971285,1e-05,1e-05
"230",1.5e-05,1e-05,1e-05,1e-05,1e-05,1e-05,1e-05,0.999885,1e-05,1e-05,1e-05,1e-05
"231",1e-05,1e-05,1e-05,1e-05,0.031536,0.014489,1e-05,1e-05,1e-05,0.953884,1e-05,1e-05
"232",1e-05,1e-05,1e-05,1e-05,1e-05,1e-05,1e-05,0.784102,1e-05,0.215798,1e-05,1e-05
"233",1e-05,1e-05,1e-05,1e-05,1e-05,1e-05,1e-05,1e-05,1e-05,0.99989,1e-05,1e-05
"234",1e-05,1e-05,1e-05,1e-05,1e-05,1e-05,1e-05,1.1e-05,1e-05,0.999889,1e-05,1e-05
"235",1e-05,1e-05,1e-05,1e-05,1e-05,1e-05,1e-05,0.779654,1e-05,0.220246,1e-05,1e-05
"236",1e-05,1e-05,1e-05,1e-05,1e-05,1e-05,1e-05,1e-05,1e-05,0.99989,1e-05,1e-05
"237",1e-05,1e-05,1e-05,1e-05,1e-05,1e-05,1e-05,1e-05,1e-05,0.99989,1e-05,1e-05
"238",1e-05,1e-05,1e-05,1e-05,1e-05,1e-05,1e-05,0.521713,1e-05,0.478187,1e-05,1e-05
"239",1e-05,1e-05,1e-05,1e-05,1e-05,1e-05,1e-05,0.38604,1e-05,0.589797,0.024074,1e-05
"240",1e-05,1e-05,1e-05,1e-05,1e-05,1e-05,1e-05,0.519338,1e-05,0.480562,1e-05,1e-05
"241",1e-05,1e-05,1e-05,1e-05,1e-05,1e-05,1e-05,0.049313,1e-05,0.950587,1e-05,1e-05
"242",1e-05,1e-05,1e-05,1e-05,1e-05,1e-05,1e-05,0.99989,1e-05,1e-05,1e-05,1e-05
"243",1e-05,1e-05,1e-05,1e-05,1e-05,1e-05,1e-05,0.547743,1e-05,0.452157,1e-05,1e-05
"244",1e-05,1e-05,1e-05,1e-05,1e-05,1e-05,1e-05,0.427573,1e-05,0.554309,0.018028,1e-05
"245",1e-05,1e-05,1e-05,1e-05,1e-05,1e-05,1e-05,0.722963,1e-05,0.276937,1e-05,1e-05
"246",1e-05,1e-05,1e-05,1e-05,1e-05,1e-05,1e-05,1e-05,1e-05,0.99989,1e-05,1e-05
"247",1e-05,1e-05,1e-05,1e-05,1e-05,1e-05,1e-05,0.78647,1e-05,0.21343,1e-05,1e-05
"248",1e-05,1e-05,1e-05,1e-05,1e-05,1e-05,1e-05,0.880158,1e-05,0.119742,1e-05,1e-05
"249",1e-05,1e-05,1e-05,1e-05,0.047145,1e-05,1e-05,0.389896,1e-05,0.562869,1e-05,1e-05
"250",1e-05,1e-05,1e-05,1e-05,0.023934,1e-05,1e-05,0.743831,1e-05,0.225447,1e-05,0.006707
"251",1e-05,1e-05,1e-05,1e-05,1e-05,1e-05,1e-05,0.75699,1e-05,0.24291,1e-05,1e-05
"252",1e-05,0.054954,0.088107,0.019368,0.095826,0.070901,1e-05,0.022245,1e-05,0.608972,0.022377,0.01722
"253",1e-05,1e-05,1e-05,1e-05,0.504956,1e-05,1e-05,1e-05,1e-05,1e-05,0.494944,1e-05
"254",1e-05,1e-05,1e-05,1e-05,0.493989,1e-05,1e-05,1e-05,1e-05,1e-05,0.505911,1e-05
"255",1e-05,1e-05,1e-05,1e-05,0.485386,1e-05,1e-05,1e-05,1e-05,1e-05,0.514514,1e-05
"256",1e-05,1e-05,1e-05,1e-05,0.503523,1e-05,1e-05,1e-05,1e-05,1e-05,0.496377,1e-05
"257",1e-05,1e-05,1e-05,1e-05,1e-05,1e-05,1e-05,1e-05,1e-05,1e-05,0.99989,1e-05
"258",1e-05,1e-05,1e-05,1e-05,1e-05,1e-05,1e-05,1e-05,1e-05,1e-05,0.99989,1e-05
"259",1e-05,1e-05,1e-05,1e-05,1e-05,1e-05,1e-05,1e-05,1e-05,1e-05,0.99989,1e-05
"260",1e-05,1e-05,1e-05,1e-05,1e-05,1e-05,1e-05,1e-05,1e-05,1e-05,0.99989,1e-05
"261",0.022008,1e-05,1e-05,1e-05,0.258401,1e-05,1e-05,1e-05,1e-05,1e-05,0.719501,1e-05
"262",0.019385,1e-05,0.945111,1e-05,1e-05,1e-05,1e-05,1e-05,1e-05,0.035412,1.1e-05,1e-05
"263",1e-05,1e-05,1e-05,1e-05,0.375865,1e-05,1e-05,1e-05,1e-05,1e-05,0.624035,1e-05
"264",1e-05,1e-05,1e-05,1e-05,1e-05,1e-05,1e-05,1e-05,0.223902,0.775998,1e-05,1e-05
"265",1e-05,1e-05,1e-05,1e-05,1e-05,1e-05,1e-05,0.00947,0.0642,0.902866,1e-05,0.023383
"266",1e-05,1e-05,0.020404,1e-05,1e-05,1e-05,1e-05,1e-05,0.019915,0.959591,1e-05,1e-05
"267",1e-05,1e-05,0.005039,1e-05,1e-05,1e-05,1e-05,1e-05,0.047076,0.900493,1e-05,0.047311
"268",1e-05,1e-05,0.014129,1e-05,1e-05,1e-05,1e-05,1e-05,0.075782,0.909173,1e-05,0.000835
"269",1e-05,1e-05,1e-05,1e-05,0.004483,1e-05,1e-05,1e-05,1e-05,0.921086,0.02458,0.049771
"270",1e-05,1e-05,1e-05,1e-05,0.01084,1e-05,1e-05,1e-05,0.112147,0.869011,0.007922,1e-05
"271",1e-05,1e-05,1e-05,1e-05,1e-05,1e-05,1e-05,1e-05,0.164039,0.835861,1e-05,1e-05
"272",1e-05,1e-05,1e-05,1e-05,1e-05,1e-05,1e-05,1e-05,1e-05,0.980971,0.015972,0.002967
"273",1e-05,1e-05,1e-05,1e-05,0.02465,1e-05,1e-05,1e-05,0.048248,0.906504,0.001056,0.019471
"274",0.01662,1e-05,1e-05,1e-05,1e-05,1e-05,1e-05,1e-05,1e-05,0.98328,1e-05,1e-05
"275",1e-05,1e-05,1e-05,1e-05,1e-05,1e-05,1e-05,1e-05,1e-05,1e-05,0.99989,1e-05
"276",1e-05,1e-05,1e-05,1e-05,1e-05,1e-05,1e-05,1e-05,1e-05,1e-05,0.99989,1e-05
"277",1e-05,1e-05,1e-05,1e-05,1e-05,1e-05,1e-05,1e-05,1e-05,1e-05,0.99989,1e-05
"278",1e-05,1e-05,1e-05,1e-05,1e-05,1e-05,1e-05,1.5e-05,1e-05,1e-05,0.999885,1e-05
"279",1e-05,1e-05,1e-05,1e-05,1e-05,1e-05,1e-05,1e-05,1e-05,1e-05,0.99989,1e-05
"280",0.129163,1e-05,1e-05,1e-05,1e-05,1e-05,1e-05,1e-05,1e-05,1e-05,0.870737,1e-05
"281",1e-05,1e-05,1e-05,1e-05,0.443162,1e-05,1e-05,1e-05,1e-05,1e-05,0.556738,1e-05
"282",1e-05,1e-05,1e-05,1e-05,1e-05,1e-05,1e-05,1e-05,1e-05,1e-05,0.99989,1e-05
"283",1e-05,1e-05,1e-05,1e-05,1e-05,1e-05,1e-05,1e-05,1e-05,1e-05,0.99989,1e-05
"284",1e-05,1e-05,1e-05,1e-05,1e-05,1e-05,1e-05,1e-05,1e-05,1e-05,0.99989,1e-05
"285",1e-05,1e-05,1e-05,1e-05,1e-05,1e-05,1e-05,1e-05,1e-05,1e-05,0.99989,1e-05
"286",1e-05,1e-05,1e-05,1e-05,1e-05,1e-05,1e-05,1e-05,1e-05,1e-05,0.99989,1e-05
"287",1e-05,1e-05,1e-05,1e-05,1e-05,1e-05,1e-05,1e-05,1e-05,1e-05,0.99989,1e-05
"288",1e-05,1e-05,1e-05,1e-05,1e-05,1e-05,1e-05,1e-05,1e-05,1e-05,0.99989,1e-05
"289",1e-05,1e-05,0.022324,1e-05,1e-05,0.036047,1e-05,0.044038,1e-05,0.848484,1e-05,0.049037
"290",1e-05,1e-05,0.211651,1e-05,1e-05,1e-05,1e-05,1e-05,0.684157,0.096637,0.007475,1e-05
"291",1e-05,1e-05,1e-05,1e-05,1e-05,1e-05,1e-05,1e-05,1e-05,1e-05,0.99989,1e-05
"292",1.5e-05,1e-05,1e-05,1e-05,0.999879,1e-05,1.3e-05,1e-05,1.3e-05,1e-05,1e-05,1e-05
"293",1e-05,1e-05,1e-05,1e-05,0.99989,1e-05,1e-05,1e-05,1e-05,1e-05,1e-05,1e-05
"294",1e-05,1e-05,1e-05,1e-05,0.456651,0.079963,1e-05,1e-05,1e-05,0.461124,1e-05,0.002183
"295",1e-05,1e-05,1e-05,1e-05,0.99989,1e-05,1e-05,1e-05,1e-05,1e-05,1e-05,1e-05
"296",1e-05,1e-05,1e-05,1e-05,0.99989,1e-05,1e-05,1e-05,1e-05,1e-05,1e-05,1e-05
"297",1e-05,1e-05,1e-05,1e-05,0.143586,0.014825,1e-05,0.030178,1e-05,0.792844,0.01341,0.005096
"298",1e-05,1e-05,1e-05,1e-05,1e-05,1e-05,1e-05,1e-05,0.99989,1e-05,1e-05,1e-05
"299",1e-05,1e-05,1e-05,1e-05,1e-05,1e-05,1e-05,1e-05,0.99989,1e-05,1e-05,1e-05
"300",1e-05,1e-05,1e-05,1e-05,1e-05,1e-05,1e-05,1e-05,0.99989,1e-05,1e-05,1e-05
"301",1e-05,1e-05,1e-05,1e-05,1e-05,1e-05,1e-05,0.017774,0.098104,0.852434,0.031609,1e-05
"302",1e-05,1e-05,1e-05,1e-05,1e-05,0.031763,1e-05,1e-05,0.968137,1e-05,1e-05,1e-05
"303",0.102297,1e-05,1e-05,1e-05,1e-05,1e-05,1e-05,1e-05,0.77562,0.121993,1e-05,1e-05
"304",1e-05,1e-05,1e-05,1e-05,1e-05,1e-05,1e-05,1e-05,0.99989,1e-05,1e-05,1e-05
"305",1e-05,0.122367,0.666986,0.108791,1e-05,0.101776,1e-05,1e-05,1e-05,1e-05,1e-05,1e-05
"306",1e-05,1e-05,1e-05,1e-05,1e-05,1e-05,1e-05,1e-05,1e-05,1e-05,1e-05,0.99989
"307",1e-05,1e-05,1e-05,1e-05,1e-05,1e-05,1e-05,1e-05,1e-05,1e-05,1e-05,0.99989
"308",1e-05,1e-05,0.281813,1e-05,0.116,0.324859,1e-05,1e-05,0.003799,1e-05,1e-05,0.27346
"309",1e-05,1e-05,1e-05,1e-05,1e-05,1e-05,1e-05,1.6e-05,1e-05,1e-05,1e-05,0.999884
"310",1e-05,1e-05,1e-05,1e-05,1e-05,1e-05,1e-05,1e-05,0.000698,1e-05,1e-05,0.999202
"311",1e-05,1e-05,1e-05,1e-05,1.2e-05,1e-05,1e-05,1.5e-05,1e-05,1e-05,1e-05,0.999882
"312",1e-05,1e-05,1e-05,1e-05,1e-05,1e-05,1e-05,1.6e-05,1e-05,1e-05,1e-05,0.999884
"313",1e-05,1e-05,1e-05,1e-05,1.5e-05,1e-05,1e-05,1e-05,1e-05,1e-05,1e-05,0.999885
"314",0.58297,1e-05,1e-05,1e-05,1e-05,1e-05,1e-05,1e-05,0.230907,0.186033,1e-05,1e-05
"315",1e-05,0.18017,0.532424,0.017791,1e-05,0.246008,1e-05,0.016289,1e-05,1e-05,0.007258,1e-05
"316",1e-05,1e-05,0.462888,1e-05,0.199446,0.305306,1e-05,1e-05,1e-05,1e-05,1e-05,0.032281
"317",1e-05,1e-05,1e-05,1e-05,0.385704,1e-05,1e-05,1e-05,1e-05,1e-05,0.614196,1e-05
"318",1e-05,1e-05,1e-05,1e-05,0.38098,1e-05,1e-05,1e-05,1e-05,1e-05,0.61892,1e-05
"319",1e-05,1e-05,1e-05,1e-05,1e-05,1e-05,1e-05,1e-05,0.99989,1e-05,1e-05,1e-05
"320",1e-05,0.082561,0.325725,0.178991,1e-05,0.277604,1e-05,0.030174,0.089991,0.014905,1e-05,1e-05
"321",1e-05,1e-05,0.353823,1e-05,1e-05,0.322577,1e-05,1e-05,1e-05,0.260054,0.018135,0.045341
"322",1e-05,1e-05,1e-05,1e-05,1e-05,0.975062,1e-05,1e-05,1e-05,1e-05,1e-05,0.024838
"323",1e-05,1e-05,0.999889,1e-05,1e-05,1e-05,1e-05,1e-05,1.1e-05,1e-05,1e-05,1e-05
"324",0.029058,0.119546,0.047184,0.036284,0.140977,0.005754,0.555616,0.063813,1e-05,1.2e-05,0.001736,1e-05
"325",1e-05,1e-05,1e-05,1e-05,1e-05,1e-05,1e-05,1e-05,1e-05,1e-05,0.99989,1e-05
"326",1e-05,1e-05,0.906677,1e-05,0.014951,0.064881,1e-05,1e-05,1e-05,1e-05,1e-05,0.013411
"327",0.06805,1e-05,1e-05,1e-05,1e-05,1e-05,1e-05,1e-05,1e-05,1e-05,0.93185,1e-05
"328",1e-05,1e-05,1e-05,1e-05,1e-05,1e-05,1e-05,1e-05,1e-05,1e-05,0.99989,1e-05
"329",1e-05,1e-05,0.064321,0.013243,1e-05,0.038895,1e-05,0.067158,0.804346,1e-05,1e-05,0.011978
"330",1e-05,1e-05,0.27887,1e-05,0.585995,0.091881,1e-05,1e-05,1e-05,0.009962,0.001908,0.031323
"331",1e-05,1e-05,0.967181,1e-05,1e-05,1e-05,1e-05,1e-05,1e-05,1e-05,1e-05,0.032719
"332",1e-05,1e-05,1e-05,1e-05,1e-05,0.99989,1e-05,1e-05,1e-05,1e-05,1e-05,1e-05
"333",1e-05,1e-05,1e-05,1e-05,1e-05,0.99989,1e-05,1e-05,1e-05,1e-05,1e-05,1e-05
"334",1e-05,0.008017,0.03502,1e-05,1e-05,0.895687,1e-05,0.048915,1e-05,1e-05,1e-05,0.012291
"335",1e-05,1e-05,1e-05,1e-05,1e-05,1e-05,1e-05,1e-05,1e-05,1e-05,1e-05,0.99989
"336",0.99989,1e-05,1e-05,1e-05,1e-05,1e-05,1e-05,1e-05,1e-05,1e-05,1e-05,1e-05
"337",0.99989,1e-05,1e-05,1e-05,1e-05,1e-05,1e-05,1e-05,1e-05,1e-05,1e-05,1e-05
"338",0.116685,1e-05,1e-05,1e-05,1e-05,1e-05,1e-05,1e-05,0.545513,0.337712,1e-05,1e-05
"339",1e-05,0.745135,0.177091,0.050672,1e-05,0.027022,1e-05,1e-05,1e-05,1e-05,1e-05,1e-05
"340",0.584326,1.5e-05,0.094166,1e-05,1e-05,1e-05,1e-05,1e-05,0.321413,1e-05,1e-05,1e-05
"341",1e-05,1e-05,0.842709,1e-05,0.014706,1e-05,1e-05,1e-05,0.067598,0.074907,1e-05,1e-05
"342",1e-05,1e-05,1e-05,1e-05,1e-05,0.973994,1e-05,1e-05,1e-05,1e-05,1e-05,0.025906
"343",1e-05,1e-05,1e-05,1e-05,1e-05,0.99989,1e-05,1e-05,1e-05,1e-05,1e-05,1e-05
"344",1e-05,1e-05,0.437663,1e-05,0.24792,0.190667,1e-05,1e-05,0.001589,0.070108,1e-05,0.051993
"345",1e-05,1e-05,0.027041,1e-05,1e-05,0.025287,1e-05,0.003458,0.944134,1e-05,1e-05,1e-05
"346",1e-05,1e-05,1e-05,1e-05,1e-05,1e-05,1e-05,0.004251,0.995649,1e-05,1e-05,1e-05
"347",1e-05,1e-05,1e-05,1e-05,1e-05,1e-05,1e-05,1e-05,0.99989,1e-05,1e-05,1e-05
"348",1e-05,0.11326,0.485405,1e-05,1e-05,0.341859,1e-05,1e-05,1e-05,0.042483,1e-05,0.016923
"349",1e-05,0.077323,0.246425,1e-05,0.120213,0.502439,1e-05,1e-05,1e-05,1e-05,1e-05,0.053529
"350",1e-05,0.081942,0.201513,1e-05,0.100856,0.600836,1e-05,1e-05,1e-05,1e-05,0.014783,1e-05
"351",1e-05,0.900403,0.060068,1e-05,1e-05,0.039439,1e-05,1e-05,1e-05,1e-05,1e-05,1e-05
"352",0.99989,1e-05,1e-05,1e-05,1e-05,1e-05,1e-05,1e-05,1e-05,1e-05,1e-05,1e-05
"353",1e-05,1e-05,1e-05,1e-05,1e-05,0.996173,1e-05,1e-05,1e-05,1e-05,1e-05,0.003727
"354",1e-05,0.015838,0.362926,1e-05,0.118654,0.377982,1e-05,1e-05,1e-05,0.10629,1e-05,0.01825
"355",0.178765,1e-05,1e-05,1e-05,0.339757,1e-05,1e-05,1e-05,1e-05,1e-05,0.481388,1e-05
"356",0.193051,1e-05,1.2e-05,1e-05,0.301279,1e-05,1e-05,1e-05,1e-05,1e-05,0.505579,1e-05
"357",1e-05,0.851071,0.113661,0.035178,1e-05,1e-05,1e-05,1e-05,1e-05,1e-05,1e-05,1e-05
"358",1e-05,0.83214,0.139833,1e-05,1e-05,0.027937,1e-05,1e-05,1e-05,1e-05,1e-05,1e-05
"359",0.03187,1e-05,0.399691,1e-05,0.181331,0.061828,1e-05,1e-05,1e-05,0.287004,1e-05,0.038216
"360",1e-05,1e-05,1e-05,1e-05,1e-05,1e-05,1e-05,1e-05,1e-05,0.99989,1e-05,1e-05
"361",1e-05,1e-05,1e-05,1e-05,1e-05,0.065078,1e-05,1e-05,0.934822,1e-05,1e-05,1e-05
"362",1e-05,1e-05,1e-05,0.049102,1e-05,0.04776,1e-05,1e-05,0.903048,1e-05,1e-05,1e-05
"363",1e-05,1e-05,0.832534,1e-05,1e-05,0.039919,1e-05,0.028933,0.085309,1e-05,1e-05,0.013235
"364",0.089235,1e-05,0.295737,1e-05,0.015232,1e-05,1e-05,1e-05,0.427238,0.163527,1e-05,0.008971
"365",1e-05,1e-05,0.742989,1e-05,0.112901,0.059208,1e-05,0.066383,1e-05,0.018448,1e-05,1e-05
"366",1e-05,1e-05,1e-05,1e-05,1e-05,1e-05,1e-05,1e-05,0.99989,1e-05,1e-05,1e-05
"367",1e-05,1e-05,1e-05,1e-05,1e-05,0.999884,1e-05,1e-05,1e-05,1e-05,1.6e-05,1e-05
"368",1e-05,1e-05,0.925139,1e-05,1e-05,1e-05,1e-05,1e-05,0.074761,1e-05,1e-05,1e-05
"369",1e-05,0.005701,1e-05,1e-05,0.054944,0.92966,1e-05,1e-05,0.001774,1e-05,1e-05,0.007851
"370",1e-05,1e-05,0.268134,1e-05,1e-05,1e-05,1e-05,0.032637,0.478505,0.220644,1e-05,1e-05
"371",1e-05,0.070932,0.839993,1e-05,0.016166,0.053993,1e-05,0.018845,1e-05,1e-05,1e-05,1e-05
"372",0.008198,0.095167,0.491931,1e-05,0.224599,0.178103,1e-05,1e-05,1e-05,1e-05,0.001942,1e-05
"373",0.019834,1e-05,0.758157,1e-05,1e-05,0.03893,1e-05,1e-05,0.022631,0.160378,1e-05,1e-05
"374",1e-05,1e-05,0.495822,1e-05,0.171256,0.153347,1e-05,0.01267,1e-05,0.142792,0.017149,0.006914
"375",1e-05,1e-05,0.861344,1e-05,1e-05,0.043649,1e-05,1e-05,0.094916,1e-05,1e-05,1e-05
"376",1e-05,0.056858,0.696475,1e-05,0.097609,0.08895,1e-05,1e-05,1e-05,0.025407,0.012536,0.022116
"377",1e-05,1e-05,0.175378,1e-05,1e-05,1e-05,1e-05,1e-05,0.494327,0.330205,1e-05,1e-05
"378",1e-05,1e-05,0.878284,1e-05,1e-05,0.032152,1e-05,1e-05,1e-05,0.068044,1e-05,0.021439
"379",1e-05,1e-05,0.22342,0.058845,1.4e-05,0.026231,1e-05,1e-05,0.69142,1e-05,1e-05,1e-05
"380",1e-05,1e-05,0.442557,1e-05,1e-05,0.557343,1e-05,1e-05,1e-05,1e-05,1e-05,1e-05
"381",1e-05,1e-05,0.515705,1e-05,0.073868,0.099554,1e-05,1e-05,0.049092,0.261712,1e-05,1e-05
"382",1e-05,1e-05,0.979721,1e-05,1e-05,0.020179,1e-05,1e-05,1e-05,1e-05,1e-05,1e-05
"383",1e-05,1e-05,1e-05,1e-05,1e-05,1e-05,1.5e-05,1e-05,1e-05,1e-05,1e-05,0.999885
"384",1e-05,1e-05,0.808118,1e-05,0.021838,0.013366,1e-05,1e-05,1e-05,0.154226,0.00238,1e-05
"385",1e-05,1e-05,1e-05,1e-05,0.854026,0.114792,1e-05,1e-05,1e-05,1e-05,1e-05,0.031092
"386",1e-05,0.011872,1e-05,1e-05,0.827593,0.135916,1e-05,1e-05,1e-05,1e-05,1e-05,0.024539
"387",1e-05,1e-05,0.906698,1e-05,1e-05,0.057383,1e-05,1e-05,1e-05,1e-05,1e-05,0.035829
"388",0.02344,0.121547,0.114811,0.02907,0.045664,0.081152,0.486572,1e-05,1e-05,0.065754,1e-05,0.031961
"389",1e-05,1e-05,1e-05,1e-05,1e-05,0.99989,1e-05,1e-05,1e-05,1e-05,1e-05,1e-05
"390",1e-05,1e-05,1e-05,1e-05,1e-05,1e-05,1e-05,0.02101,0.946651,1e-05,1e-05,0.032249
"391",1e-05,1e-05,0.30605,0.472401,1e-05,0.164822,1e-05,0.056647,1e-05,1e-05,1e-05,1e-05
"392",1e-05,0.060866,0.496284,1e-05,0.04128,0.394747,1e-05,1e-05,1e-05,0.006753,1e-05,1e-05
"393",0.472407,0.009578,1e-05,1e-05,1e-05,1e-05,1e-05,0.011439,0.446837,0.059669,1e-05,1e-05
"394",1e-05,0.030371,0.099431,0.772754,1e-05,1e-05,1e-05,0.001159,0.040956,0.024834,0.007886,0.022568
"395",1e-05,0.903417,1e-05,0.056581,1e-05,0.039912,1e-05,1e-05,1e-05,1e-05,1e-05,1e-05
"396",1e-05,0.010753,0.142505,1e-05,0.03203,0.797448,1e-05,1e-05,1e-05,1e-05,1e-05,0.017195
"397",1e-05,1e-05,0.885052,1e-05,1e-05,1e-05,1e-05,1e-05,0.075774,0.039084,1e-05,1e-05
"398",0.120264,1e-05,1e-05,1e-05,1e-05,1e-05,1e-05,1e-05,0.651593,0.228053,1e-05,1e-05
"399",1e-05,0.021583,0.700709,1e-05,0.048493,0.015829,1e-05,1e-05,0.011201,0.138919,1e-05,0.063215
"400",1e-05,1e-05,1e-05,1e-05,1e-05,1e-05,1e-05,1e-05,0.99989,1e-05,1e-05,1e-05
"401",1e-05,1e-05,0.330713,1e-05,1e-05,1e-05,1e-05,1e-05,0.669187,1e-05,1e-05,1e-05
"402",1e-05,1e-05,2e-05,1e-05,1e-05,0.99988,1e-05,1e-05,1e-05,1e-05,1e-05,1e-05
"403",1e-05,1e-05,1e-05,1e-05,1e-05,0.99989,1e-05,1e-05,1e-05,1e-05,1e-05,1e-05
"404",1e-05,1e-05,0.182565,1e-05,0.328027,0.25256,1e-05,1e-05,1e-05,0.173857,0.014323,0.048608
"405",1e-05,1e-05,0.629857,1e-05,0.164658,0.016078,1e-05,0.017452,1e-05,0.142679,1e-05,0.029216
"406",1e-05,1e-05,0.855683,1e-05,1e-05,1e-05,1e-05,1e-05,0.144217,1e-05,1e-05,1e-05
"407",1e-05,1e-05,1e-05,1e-05,1e-05,1e-05,1e-05,1e-05,0.99989,1e-05,1e-05,1e-05
"408",0.008076,0.032236,0.858941,1e-05,0.075995,0.000681,1e-05,1e-05,1e-05,0.003388,0.010879,0.009764
"409",0.242707,1e-05,1e-05,1e-05,0.286239,1e-05,1e-05,0.074205,0.082454,0.222634,0.091702,1e-05
"410",0.083716,1e-05,1e-05,1e-05,1e-05,0.317396,1e-05,1e-05,0.598798,1e-05,1e-05,1e-05
"411",1e-05,0.172495,0.57827,0.058971,1e-05,0.184083,1e-05,1e-05,1e-05,1e-05,0.00611,1e-05
"412",1e-05,0.019139,0.746793,1e-05,0.14776,0.07792,1e-05,1e-05,1e-05,1e-05,1e-05,0.008318
"413",1e-05,1e-05,0.296127,1e-05,0.586955,0.101529,1e-05,1e-05,1e-05,1e-05,1e-05,0.015309
"414",0.030941,1e-05,0.583157,1e-05,0.067397,0.093419,1e-05,1e-05,1e-05,0.183373,1e-05,0.041652
"415",1e-05,1e-05,0.44829,1e-05,0.176148,1e-05,1e-05,0.033177,1e-05,0.339341,1e-05,0.002974
"416",0.007817,0.002999,0.166729,0.072978,1e-05,0.038319,1e-05,1e-05,0.613148,0.09796,1e-05,1e-05
"417",1e-05,1e-05,1e-05,1e-05,1.2e-05,1e-05,1.1e-05,1e-05,1e-05,1e-05,1e-05,0.999887
"418",1e-05,1e-05,0.967308,1e-05,1e-05,1e-05,1e-05,1e-05,0.032592,1e-05,1e-05,1e-05
"419",0.01179,1e-05,0.523179,1e-05,0.235376,0.152549,1e-05,0.00716,1e-05,0.069886,1e-05,1e-05
"420",0.032899,1e-05,0.429878,1e-05,1e-05,0.203366,1e-05,1e-05,0.244965,0.016382,1e-05,0.07245
"421",0.017049,1e-05,0.146697,1e-05,0.082411,0.032772,1e-05,1e-05,0.126572,0.590556,1e-05,0.003894
"422",1e-05,1e-05,0.579191,1e-05,0.312621,0.007595,1e-05,1e-05,1e-05,0.100513,1e-05,1e-05
"423",1e-05,1e-05,0.280331,1e-05,0.08881,0.146228,1e-05,1e-05,1e-05,0.464613,0.001046,0.018911
"424",1e-05,1e-05,0.208762,1e-05,1e-05,1e-05,1e-05,1e-05,0.791138,1e-05,1e-05,1e-05
"425",1e-05,0.047254,0.046242,0.025741,0.083107,0.03547,1e-05,0.016818,0.453099,0.292229,1e-05,1e-05
"426",0.99989,1e-05,1e-05,1e-05,1e-05,1e-05,1e-05,1e-05,1e-05,1e-05,1e-05,1e-05
"427",0.228587,1e-05,1e-05,1e-05,1e-05,1e-05,1e-05,0.073643,0.612368,0.082373,0.002958,1e-05
"428",0.001011,1e-05,0.532676,1e-05,0.205454,0.061361,1e-05,1e-05,1e-05,0.144913,1e-05,0.054526
"429",1e-05,1e-05,0.99989,1e-05,1e-05,1e-05,1e-05,1e-05,1e-05,1e-05,1e-05,1e-05
"430",1e-05,1e-05,0.973849,1e-05,1e-05,0.026051,1e-05,1e-05,1e-05,1e-05,1e-05,1e-05
"431",1e-05,1e-05,0.16093,1e-05,1e-05,1e-05,1e-05,1e-05,0.83897,1e-05,1e-05,1e-05
"432",1e-05,1e-05,1e-05,1e-05,1e-05,1e-05,1e-05,1e-05,0.99989,1e-05,1e-05,1e-05
"433",1e-05,1e-05,0.844081,1e-05,1e-05,0.155819,1e-05,1e-05,1e-05,1e-05,1e-05,1e-05
"434",0.117783,1e-05,0.242106,1e-05,1e-05,1e-05,1e-05,1e-05,0.448563,0.191468,1e-05,1e-05
"435",0.11982,1e-05,1e-05,1e-05,1e-05,1e-05,1e-05,1e-05,0.578705,0.301385,1e-05,1e-05
"436",1e-05,0.075706,0.307498,1e-05,0.02749,0.579214,1e-05,1e-05,1e-05,1e-05,0.010021,1e-05
"437",0.191914,1e-05,0.6605,1e-05,1e-05,0.017485,1e-05,1e-05,0.073527,0.056504,1e-05,1e-05
"438",1e-05,1e-05,1e-05,1e-05,1e-05,1e-05,1e-05,1e-05,0.99989,1e-05,1e-05,1e-05
"439",1e-05,1e-05,0.862107,1e-05,0.081056,1e-05,1e-05,1e-05,1e-05,0.037741,1e-05,0.019016
"441",0.013286,1e-05,0.617746,1e-05,0.277617,0.072419,1e-05,1e-05,1e-05,0.018862,1e-05,1e-05
"442",1e-05,1e-05,1e-05,1e-05,1e-05,1e-05,1.7e-05,1e-05,1e-05,1e-05,1e-05,0.999883
"443",0.024954,1e-05,0.664936,1e-05,1e-05,1.7e-05,1e-05,1e-05,1e-05,0.273349,0.019694,0.01699
"444",1e-05,1e-05,0.99989,1e-05,1e-05,1e-05,1e-05,1e-05,1e-05,1e-05,1e-05,1e-05
"445",1e-05,1e-05,0.965531,1e-05,0.032148,1e-05,1e-05,1e-05,1e-05,1e-05,1e-05,0.002231
"446",0.026959,0.011886,0.341195,1e-05,0.08538,0.003584,1e-05,1e-05,0.183165,0.342496,1e-05,0.005294
"447",1e-05,1e-05,0.138984,1e-05,0.004436,1e-05,1e-05,1e-05,0.706602,0.145479,0.003464,0.000974
"448",1e-05,1e-05,0.974312,1e-05,1e-05,0.025588,1e-05,1e-05,1e-05,1e-05,1e-05,1e-05
"449",0.026598,1e-05,0.434883,1e-05,0.373589,0.092034,1.3e-05,1e-05,1e-05,0.069311,1e-05,0.003523
"450",1e-05,1e-05,0.960063,1e-05,0.008985,0.020969,1e-05,1e-05,0.009297,1e-05,1e-05,0.000615
"451",1e-05,1e-05,0.528177,1e-05,0.280827,1e-05,1e-05,1e-05,1e-05,0.172626,1e-05,0.018289
"452",1e-05,1e-05,0.180889,1e-05,0.111608,1e-05,1e-05,1e-05,0.017148,0.689019,1e-05,0.001266
"453",1e-05,1e-05,0.233183,1e-05,1e-05,1e-05,1e-05,1e-05,0.766717,1e-05,1e-05,1e-05
"454",1e-05,1e-05,0.663594,1e-05,1e-05,1e-05,1e-05,1e-05,0.328976,1e-05,1e-05,0.00734
"455",0.009751,1e-05,0.42058,1e-05,0.040203,1e-05,1e-05,0.100816,0.048182,0.365788,0.01463,1e-05
"456",1e-05,0.117943,0.277919,1e-05,0.029033,0.575024,1e-05,1e-05,1e-05,1e-05,1e-05,1e-05
"457",1e-05,0.064104,0.266097,1e-05,0.168282,0.469587,1e-05,1e-05,1e-05,0.005172,0.007274,0.019435
"458",0.087323,1e-05,0.28972,1e-05,0.008576,1e-05,1e-05,1e-05,0.42896,0.177186,1e-05,0.008175
"459",1e-05,1e-05,0.411472,0.004345,0.278553,0.203306,1e-05,1e-05,1e-05,0.096417,1e-05,0.005847
"460",1e-05,1e-05,0.376843,0.480597,1e-05,0.120958,1e-05,0.00355,1e-05,1e-05,1e-05,0.017982
"461",1e-05,1e-05,0.055322,1e-05,1e-05,0.944578,1e-05,1e-05,1e-05,1e-05,1e-05,1e-05
"462",1e-05,1e-05,0.837993,1e-05,1e-05,1e-05,1e-05,0.003905,1e-05,0.132445,1e-05,0.025576
"463",0.873421,1e-05,1e-05,1e-05,1e-05,1e-05,1e-05,1e-05,0.071211,0.050948,0.00434,1e-05
"464",1e-05,0.777393,0.177765,1e-05,1e-05,0.044752,1e-05,1e-05,1e-05,1e-05,1e-05,1e-05
"465",1e-05,0.85752,1e-05,1e-05,1e-05,0.11575,1e-05,0.000595,1e-05,0.026055,1e-05,1e-05
"466",1e-05,1e-05,0.009899,1e-05,0.001721,0.92096,1e-05,0.057171,1e-05,1e-05,1e-05,0.01018
"467",0.025825,1e-05,1e-05,1e-05,1e-05,1e-05,1e-05,0.691304,0.26415,1e-05,1e-05,0.018641
"468",1e-05,1e-05,0.640454,1e-05,1e-05,0.021521,1e-05,0.029321,0.126536,0.182098,1e-05,1e-05
"469",1e-05,1e-05,0.305112,1e-05,0.351795,0.264768,1e-05,1e-05,1e-05,0.065482,1e-05,0.012773
"470",0.016914,0.032743,0.078991,1e-05,1e-05,1e-05,1e-05,1e-05,0.322852,0.548431,1e-05,1e-05
"471",1e-05,1e-05,0.803486,1e-05,0.029592,1e-05,1e-05,1e-05,0.154567,1e-05,1e-05,0.012275
"472",1e-05,0.013956,0.301641,1e-05,0.022593,1e-05,1e-05,1e-05,0.199617,0.449941,0.012192,1e-05
"473",0.264156,1e-05,1e-05,1e-05,1e-05,1e-05,1e-05,1e-05,0.735744,1e-05,1e-05,1e-05
"474",1e-05,1e-05,1e-05,1e-05,1e-05,1e-05,1e-05,1e-05,0.99989,1e-05,1e-05,1e-05
"475",1e-05,1e-05,1e-05,1e-05,1e-05,1e-05,1e-05,1e-05,0.99989,1e-05,1e-05,1e-05
"476",1e-05,0.196901,0.102793,1e-05,0.42049,0.127655,1e-05,1.1e-05,1e-05,0.121467,0.030633,1e-05
"477",1e-05,1e-05,1e-05,1e-05,1e-05,1e-05,1e-05,1e-05,0.204291,0.795609,1e-05,1e-05
"478",1e-05,0.010763,0.231177,0.015612,1e-05,0.142958,1e-05,1e-05,1e-05,1e-05,0.002173,0.597257
"479",1e-05,1e-05,1e-05,1e-05,1e-05,1e-05,1e-05,1e-05,1e-05,1e-05,1e-05,0.99989
"480",1e-05,1.8e-05,1e-05,1e-05,1e-05,1e-05,1e-05,1e-05,1e-05,1e-05,1e-05,0.999882
"481",1e-05,1e-05,0.835115,1e-05,1e-05,1e-05,1e-05,1e-05,0.164785,1e-05,1e-05,1e-05
"482",1e-05,0.018343,0.742456,1e-05,1e-05,1e-05,1e-05,1e-05,0.062669,0.164147,0.001872,0.010453
"483",1e-05,1e-05,1e-05,1e-05,1e-05,1e-05,1.9e-05,1e-05,1e-05,1e-05,1e-05,0.999881
"484",1e-05,0.035496,0.885925,1e-05,1e-05,1e-05,1e-05,1e-05,0.078489,1e-05,1e-05,1e-05
"485",0.00892,1e-05,0.924957,1e-05,1e-05,0.032209,1e-05,0.025442,1e-05,1e-05,0.008402,1e-05
"486",1e-05,0.204522,0.363067,1e-05,0.02132,0.397512,1e-05,1e-05,1e-05,1e-05,1e-05,0.01351
"487",1e-05,1e-05,0.514611,1e-05,0.263727,0.131072,1e-05,1e-05,0.034428,0.056092,1e-05,1e-05
"488",1e-05,1e-05,1e-05,1e-05,1e-05,0.99989,1e-05,1e-05,1e-05,1e-05,1e-05,1e-05
"489",0.215586,1e-05,1e-05,1e-05,1e-05,1e-05,1e-05,0.060361,0.587436,0.136536,1e-05,1e-05
"490",0.172946,1e-05,0.051042,1e-05,1e-05,0.012459,1e-05,1e-05,0.617145,0.137586,1e-05,0.008762
"491",1e-05,1e-05,0.532784,1e-05,0.177235,1e-05,1e-05,1e-05,0.198805,0.071235,1e-05,0.019871
"492",1.5e-05,1e-05,0.920234,1e-05,1e-05,1e-05,1e-05,1e-05,0.079661,1e-05,1e-05,1e-05
"493",0.161857,1e-05,1e-05,1e-05,1e-05,1e-05,0.00639,1e-05,0.634222,0.19745,1e-05,1e-05
"494",1e-05,1e-05,0.734311,1e-05,0.017997,1e-05,1e-05,1e-05,1e-05,0.205838,1e-05,0.041774
"495",1e-05,1e-05,0.183976,0.015002,0.106162,0.127094,1e-05,1e-05,1e-05,0.039193,0.00433,0.524193
"496",0.00403,0.051205,0.623716,0.062482,1e-05,0.136153,1e-05,0.020908,1e-05,0.055812,1e-05,0.045654
"497",0.033552,1e-05,0.80307,1e-05,1e-05,0.107074,1e-05,0.046499,1e-05,1e-05,0.009735,1e-05
"498",1e-05,1e-05,0.953071,1e-05,1e-05,0.002605,1e-05,1e-05,0.044233,1e-05,1e-05,1e-05
"499",1e-05,1e-05,1e-05,1e-05,1e-05,1e-05,1e-05,1e-05,0.99989,1e-05,1e-05,1e-05
"501",1e-05,0.010124,0.888085,1e-05,1e-05,0.087566,1e-05,1e-05,1e-05,1e-05,1e-05,0.014145
"503",1e-05,1e-05,0.896465,1e-05,1e-05,1e-05,1e-05,0.024439,0.011281,1e-05,0.067735,1e-05
"505",1e-05,1e-05,1e-05,1e-05,1.9e-05,1e-05,1e-05,1.1e-05,1e-05,1e-05,1e-05,0.99988
"506",1e-05,1e-05,0.835372,1e-05,1e-05,1e-05,1e-05,1e-05,0.164528,1e-05,1e-05,1e-05
"507",1e-05,1e-05,0.780631,1e-05,0.074168,0.140561,1e-05,1e-05,1e-05,0.00456,1e-05,1e-05
"508",1e-05,1e-05,1e-05,1e-05,1.2e-05,1e-05,1.8e-05,1e-05,1e-05,1e-05,1e-05,0.99988
"509",1e-05,1e-05,1e-05,1e-05,0.918938,1e-05,1e-05,1e-05,1e-05,0.080962,1e-05,1e-05
"510",1e-05,1e-05,1e-05,1e-05,0.99989,1e-05,1e-05,1e-05,1e-05,1e-05,1e-05,1e-05
"511",1e-05,1e-05,1e-05,1e-05,1e-05,1e-05,1e-05,1e-05,0.99989,1e-05,1e-05,1e-05
"512",1e-05,1e-05,0.02415,1e-05,0.00091,1e-05,1e-05,1e-05,0.97485,1e-05,1e-05,1e-05
"513",1e-05,1e-05,0.492235,1e-05,0.05448,1e-05,1e-05,1.9e-05,1e-05,1e-05,1e-05,0.453187
"514",1e-05,1e-05,1e-05,1e-05,1e-05,0.653458,1e-05,1e-05,1e-05,1e-05,1e-05,0.346442
"515",1e-05,1e-05,1e-05,1e-05,1e-05,0.379806,1e-05,1e-05,1e-05,1e-05,1e-05,0.620094
"516",1e-05,1e-05,1e-05,1e-05,1e-05,0.380648,1e-05,1e-05,1e-05,1e-05,1e-05,0.619252
"517",1e-05,1e-05,0.089581,1e-05,1e-05,1e-05,1e-05,1e-05,1e-05,1e-05,1e-05,0.910319
"518",1e-05,1e-05,1e-05,1e-05,1e-05,1.2e-05,1e-05,1e-05,1e-05,1.8e-05,1e-05,0.99988
"519",1e-05,0.10566,0.586243,1e-05,1e-05,0.012633,1e-05,1e-05,1e-05,1e-05,1e-05,0.295384
"520",1e-05,1e-05,1e-05,1e-05,1.5e-05,1e-05,1e-05,1e-05,1e-05,1e-05,1e-05,0.999885
"521",1e-05,1e-05,1e-05,1e-05,1.3e-05,1e-05,1.7e-05,1e-05,1e-05,1e-05,1e-05,0.99988
"522",1e-05,1e-05,0.626565,1e-05,1e-05,1e-05,1e-05,1e-05,1e-05,1e-05,1e-05,0.373335
"523",1e-05,1e-05,1e-05,1e-05,1e-05,0.752805,1e-05,1e-05,1e-05,1e-05,1e-05,0.247095
"524",1e-05,1e-05,1e-05,1e-05,1e-05,1e-05,1e-05,1e-05,1e-05,1.4e-05,1e-05,0.999886
"525",1e-05,1e-05,1e-05,1e-05,1e-05,1e-05,1e-05,1e-05,1e-05,1e-05,1e-05,0.99989
"526",1e-05,0.072643,0.221011,1e-05,1e-05,0.109135,1e-05,0.009486,0.012845,0.015501,0.010814,0.548525
"527",1e-05,1e-05,1e-05,1e-05,1e-05,0.442527,1e-05,1e-05,1e-05,1e-05,1e-05,0.557373
"528",1e-05,1e-05,1e-05,1e-05,1e-05,0.531018,1e-05,1e-05,1e-05,1e-05,1e-05,0.468882
"529",1e-05,0.049696,0.063581,1e-05,1.4e-05,0.835942,1e-05,1e-05,1e-05,0.032105,0.00172,0.016893
"530",1e-05,0.027667,0.098946,1e-05,0.0976,1e-05,1e-05,0.057365,0.033091,0.608549,0.076732,1e-05
"531",1e-05,1e-05,1e-05,1e-05,0.197242,1e-05,1e-05,1e-05,1e-05,1e-05,0.802658,1e-05
"532",0.00357,0.01248,1e-05,1e-05,0.134043,0.040076,1e-05,0.2046,1e-05,0.537493,0.067688,1e-05
"533",1e-05,1e-05,1e-05,1e-05,0.073199,1e-05,1e-05,0.067344,0.076602,0.782775,1e-05,1e-05
"534",1e-05,1e-05,1e-05,1e-05,1e-05,1e-05,1e-05,1e-05,1e-05,1e-05,1e-05,0.99989
"535",0.014504,1e-05,1e-05,1e-05,0.089091,1e-05,1e-05,1e-05,0.089063,0.797575,1e-05,0.009698
"536",1e-05,1e-05,0.014405,1e-05,1e-05,1e-05,1e-05,0.023156,0.962349,1e-05,1e-05,1e-05
"537",1e-05,1e-05,1e-05,1e-05,1e-05,1e-05,1e-05,1e-05,0.99989,1e-05,1e-05,1e-05
"538",1e-05,1e-05,1e-05,1e-05,1e-05,1e-05,1e-05,1e-05,1e-05,0.99989,1e-05,1e-05
"539",1e-05,1e-05,0.961407,1e-05,1e-05,1.9e-05,1e-05,1e-05,1e-05,0.038484,1e-05,1e-05
"540",1e-05,0.038301,0.892389,1e-05,1e-05,0.066852,1e-05,1e-05,1e-05,1e-05,1e-05,0.002378
"541",1e-05,1e-05,1e-05,1e-05,0.028721,0.031881,1e-05,0.013012,1e-05,0.926306,1e-05,1e-05
"542",1e-05,1e-05,0.077861,1e-05,1e-05,1e-05,1e-05,1e-05,1e-05,0.922039,1e-05,1e-05
"543",0.014058,0.066858,0.063569,1e-05,0.062315,1e-05,1e-05,1e-05,1e-05,0.769892,0.023248,1e-05
"544",1e-05,0.091255,0.53764,0.171979,1e-05,0.199046,1e-05,1e-05,1e-05,1e-05,1e-05,1e-05
"545",1e-05,0.279511,0.370197,0.003301,0.005194,0.281773,1e-05,1e-05,1e-05,0.040022,1e-05,0.019952
"546",1e-05,1e-05,0.214609,0.014615,0.151676,0.039681,1e-05,1e-05,1e-05,0.047158,1e-05,0.532201
"547",0.017506,1e-05,1e-05,1e-05,0.02746,1e-05,1e-05,0.492049,1e-05,0.429161,1e-05,0.033754
"548",1e-05,1e-05,0.066156,1e-05,0.14077,1e-05,0.005914,0.171865,0.079253,0.512928,0.023064,1e-05
"549",1e-05,0.100343,0.30992,1e-05,1e-05,0.011613,1e-05,1e-05,1.1e-05,0.578044,1e-05,1e-05
"550",1e-05,1e-05,1e-05,1e-05,1e-05,1e-05,1e-05,1e-05,1e-05,0.939726,0.060174,1e-05
"551",1e-05,1e-05,1e-05,1e-05,1e-05,1e-05,1e-05,1e-05,1e-05,0.945111,0.054789,1e-05
"552",1e-05,0.848096,0.065887,1e-05,1e-05,0.071006,1e-05,1e-05,0.014931,1e-05,1e-05,1e-05
"553",1e-05,1e-05,0.038322,1e-05,0.003047,0.02557,1e-05,1e-05,0.078814,0.842653,1e-05,0.011534
"554",1e-05,1e-05,1e-05,1e-05,1e-05,1e-05,1e-05,1e-05,0.99989,1e-05,1e-05,1e-05
"555",1e-05,1e-05,1e-05,1e-05,1e-05,1e-05,1e-05,1e-05,0.99989,1e-05,1e-05,1e-05
"556",1e-05,1e-05,1e-05,1e-05,1e-05,1e-05,1e-05,1e-05,0.99989,1e-05,1e-05,1e-05
"557",1e-05,1e-05,0.572196,1e-05,1e-05,0.389954,1e-05,0.027151,1e-05,1e-05,1e-05,0.010618
"558",1e-05,1e-05,1e-05,1e-05,1e-05,1e-05,1e-05,1e-05,1e-05,0.99989,1e-05,1e-05
"559",1e-05,1e-05,0.136228,1e-05,1e-05,0.002765,1e-05,1e-05,1e-05,0.800608,1e-05,0.060319
"560",1e-05,0.015908,0.153424,0.054423,1e-05,0.055334,1e-05,1e-05,0.719348,1e-05,1e-05,0.001503
"561",1e-05,1e-05,0.86975,1e-05,0.057276,1e-05,1e-05,0.023052,1e-05,0.037331,1e-05,0.012521
"562",1e-05,1e-05,1e-05,1e-05,0.097741,1e-05,1e-05,1e-05,0.203081,0.69853,1e-05,0.000567
"563",1e-05,1e-05,1e-05,1e-05,0.107325,0.052968,1e-05,0.01524,0.562441,0.198076,0.047144,0.016757
"564",1e-05,1e-05,1e-05,1e-05,1e-05,1e-05,1e-05,0.99989,1e-05,1e-05,1e-05,1e-05
"565",1e-05,0.023555,0.618736,0.107312,1e-05,0.250318,1e-05,1e-05,1e-05,1e-05,1e-05,1e-05
"566",1e-05,1e-05,0.68014,1e-05,0.026521,1e-05,1e-05,0.044122,0.070675,0.155547,0.005994,0.016951
"567",1e-05,1e-05,1e-05,1e-05,0.536779,1e-05,1e-05,1e-05,0.100655,1e-05,0.338227,0.024258
"568",0.61442,1e-05,1e-05,1e-05,1e-05,1e-05,1e-05,1e-05,0.38548,1e-05,1e-05,1e-05
"569",1e-05,0.797032,0.10777,0.043302,1e-05,0.051815,1e-05,1e-05,1e-05,1e-05,1e-05,1e-05
"570",1e-05,1e-05,1e-05,1e-05,1e-05,1e-05,1e-05,1e-05,0.99989,1e-05,1e-05,1e-05
"571",1e-05,1e-05,0.667123,1e-05,1e-05,1e-05,1e-05,0.045756,0.287032,1e-05,1e-05,1e-05
"572",1e-05,1e-05,1e-05,1e-05,1e-05,1e-05,1e-05,0.61516,1e-05,0.38474,1e-05,1e-05
"573",1e-05,1e-05,1e-05,1e-05,0.291476,1e-05,1e-05,1e-05,1e-05,1e-05,0.708424,1e-05
"574",1e-05,1e-05,1e-05,1e-05,1e-05,1e-05,1e-05,1e-05,0.99989,1e-05,1e-05,1e-05
"575",1e-05,1e-05,0.86856,1e-05,0.045201,0.029127,1e-05,1e-05,1e-05,0.03581,0.020765,0.000478
"576",0.191237,1e-05,1e-05,1e-05,1e-05,1e-05,1e-05,0.028986,0.608228,0.169423,1e-05,0.002057
"577",1e-05,0.001566,0.949897,1e-05,1e-05,1e-05,1e-05,1e-05,1e-05,0.043564,0.004892,1e-05
"578",1e-05,1e-05,1e-05,1e-05,0.041741,1e-05,1e-05,1e-05,1e-05,0.958159,1e-05,1e-05
"579",0.99989,1e-05,1e-05,1e-05,1e-05,1e-05,1e-05,1e-05,1e-05,1e-05,1e-05,1e-05
"580",1e-05,1e-05,0.11251,1e-05,1e-05,1e-05,1e-05,1e-05,1e-05,0.88739,1e-05,1e-05
"581",1e-05,1e-05,1e-05,1e-05,1e-05,1e-05,1e-05,1e-05,1e-05,0.963194,1e-05,0.036706
"582",1e-05,1e-05,1e-05,1e-05,1e-05,1e-05,1.6e-05,1e-05,1e-05,1e-05,1e-05,0.999884
"583",1e-05,1e-05,1e-05,1e-05,1.5e-05,1e-05,1e-05,1e-05,1e-05,1e-05,1e-05,0.999885
"584",1e-05,1e-05,1e-05,1e-05,1e-05,1e-05,1e-05,1e-05,1e-05,1e-05,1e-05,0.99989
"585",1e-05,1e-05,1e-05,1e-05,1e-05,1e-05,1.1e-05,1e-05,1e-05,1e-05,1e-05,0.999889
"586",1e-05,1e-05,1e-05,1e-05,1e-05,0.3492,1e-05,1e-05,1e-05,1e-05,1e-05,0.6507
"587",1e-05,1e-05,0.03085,1e-05,0.080252,1e-05,1e-05,0.104125,0.067926,0.691321,1e-05,0.025466
"588",1e-05,1e-05,0.007245,1e-05,0.630952,1e-05,1e-05,0.037616,0.058203,0.190613,0.064227,0.011094
"589",1e-05,1e-05,1e-05,0.999889,1e-05,1e-05,1.1e-05,1e-05,1e-05,1e-05,1e-05,1e-05
"590",1e-05,1e-05,1e-05,0.99989,1e-05,1e-05,1e-05,1e-05,1e-05,1e-05,1e-05,1e-05
"591",1e-05,1e-05,1e-05,0.99989,1e-05,1e-05,1e-05,1e-05,1e-05,1e-05,1e-05,1e-05
"592",1e-05,1e-05,1e-05,0.99989,1e-05,1e-05,1e-05,1e-05,1e-05,1e-05,1e-05,1e-05
"593",1e-05,1e-05,1e-05,0.999883,1e-05,1e-05,1.7e-05,1e-05,1e-05,1e-05,1e-05,1e-05
"594",1.3e-05,1e-05,1e-05,0.999887,1e-05,1e-05,1e-05,1e-05,1e-05,1e-05,1e-05,1e-05
"595",1e-05,1e-05,1e-05,0.99989,1e-05,1e-05,1e-05,1e-05,1e-05,1e-05,1e-05,1e-05
"596",1e-05,1e-05,1e-05,0.99989,1e-05,1e-05,1e-05,1e-05,1e-05,1e-05,1e-05,1e-05
"597",1e-05,1e-05,1e-05,0.99989,1e-05,1e-05,1e-05,1e-05,1e-05,1e-05,1e-05,1e-05
"598",1e-05,1e-05,1e-05,0.99989,1e-05,1e-05,1e-05,1e-05,1e-05,1e-05,1e-05,1e-05
"599",1e-05,1e-05,1e-05,0.99989,1e-05,1e-05,1e-05,1e-05,1e-05,1e-05,1e-05,1e-05
"600",1e-05,1e-05,1e-05,0.99989,1e-05,1e-05,1e-05,1e-05,1e-05,1e-05,1e-05,1e-05
"601",1e-05,1e-05,1e-05,0.99989,1e-05,1e-05,1e-05,1e-05,1e-05,1e-05,1e-05,1e-05
"602",1e-05,1e-05,1e-05,0.99989,1e-05,1e-05,1e-05,1e-05,1e-05,1e-05,1e-05,1e-05
"603",1e-05,1e-05,1e-05,0.99989,1e-05,1e-05,1e-05,1e-05,1e-05,1e-05,1e-05,1e-05
"604",1e-05,1e-05,1e-05,0.99989,1e-05,1e-05,1e-05,1e-05,1e-05,1e-05,1e-05,1e-05
"605",1e-05,1e-05,1e-05,0.99989,1e-05,1e-05,1e-05,1e-05,1e-05,1e-05,1e-05,1e-05
"606",1.7e-05,1e-05,1e-05,0.999883,1e-05,1e-05,1e-05,1e-05,1e-05,1e-05,1e-05,1e-05
"607",1e-05,1e-05,1e-05,0.99989,1e-05,1e-05,1e-05,1e-05,1e-05,1e-05,1e-05,1e-05
"608",1e-05,1e-05,1e-05,0.999883,1e-05,1e-05,1e-05,1e-05,1e-05,1.7e-05,1e-05,1e-05
"609",1e-05,1e-05,1e-05,0.99989,1e-05,1e-05,1e-05,1e-05,1e-05,1e-05,1e-05,1e-05
"610",1e-05,1e-05,1e-05,0.99989,1e-05,1e-05,1e-05,1e-05,1e-05,1e-05,1e-05,1e-05
"611",1e-05,1e-05,1e-05,0.99989,1e-05,1e-05,1e-05,1e-05,1e-05,1e-05,1e-05,1e-05
"612",0.04921,0.031407,0.073485,0.752264,0.003972,1e-05,0.032031,1e-05,0.02972,0.017768,0.010114,1e-05
"613",0.88031,1e-05,1e-05,0.022447,1e-05,1e-05,1e-05,1e-05,1e-05,0.095516,0.001647,1e-05
"614",0.99989,1e-05,1e-05,1e-05,1e-05,1e-05,1e-05,1e-05,1e-05,1e-05,1e-05,1e-05
"615",0.99989,1e-05,1e-05,1e-05,1e-05,1e-05,1e-05,1e-05,1e-05,1e-05,1e-05,1e-05
"616",0.99989,1e-05,1e-05,1e-05,1e-05,1e-05,1e-05,1e-05,1e-05,1e-05,1e-05,1e-05
"617",0.971537,1e-05,1e-05,0.028363,1e-05,1e-05,1e-05,1e-05,1e-05,1e-05,1e-05,1e-05
"618",0.978613,1e-05,1e-05,0.021287,1e-05,1e-05,1e-05,1e-05,1e-05,1e-05,1e-05,1e-05
"619",1e-05,1e-05,1e-05,1e-05,1e-05,0.99989,1e-05,1e-05,1e-05,1e-05,1e-05,1e-05
"620",1e-05,0.044612,0.671782,1e-05,1e-05,0.276413,1e-05,1e-05,1e-05,1e-05,1e-05,0.007112
"621",1e-05,1e-05,0.094865,1e-05,1e-05,0.86019,1e-05,0.015511,1e-05,1e-05,0.019184,0.01018
"622",1e-05,1e-05,1e-05,1e-05,1e-05,1e-05,1e-05,1e-05,1e-05,1e-05,0.99989,1e-05
"623",1e-05,1e-05,1e-05,1e-05,1e-05,1e-05,1e-05,1e-05,1e-05,1e-05,0.99989,1e-05
"624",1e-05,1e-05,1e-05,1e-05,1e-05,1e-05,1e-05,1e-05,1e-05,1e-05,0.99989,1e-05
"625",1e-05,1e-05,1e-05,1e-05,0.653398,1e-05,1e-05,1e-05,0.062063,1e-05,0.264305,0.020153
"626",1e-05,1e-05,1e-05,1e-05,0.010036,1e-05,1e-05,1e-05,1.3e-05,0.974849,0.015023,1e-05
"627",1e-05,1e-05,0.039489,1e-05,0.640263,1e-05,1e-05,0.059964,1e-05,0.196225,0.063988,1e-05
"628",0.022943,1e-05,1e-05,1e-05,1e-05,1e-05,1e-05,1e-05,1e-05,0.895069,0.059615,0.022293
"629",0.059466,1e-05,1e-05,1e-05,1e-05,1e-05,1e-05,1e-05,1e-05,0.916198,0.024246,1e-05
"630",1e-05,1e-05,1e-05,1e-05,1e-05,1e-05,1e-05,1e-05,1e-05,1e-05,0.99989,1e-05
"631",0.02212,1e-05,0.01591,1e-05,0.057714,0.045083,1e-05,1e-05,0.071585,0.746658,0.04088,1e-05
"632",0.092752,1e-05,1e-05,1e-05,1.8e-05,1e-05,0.0105,0.0519,0.050465,0.709902,0.084413,1e-05
"633",0.029336,1e-05,1e-05,1e-05,1e-05,1e-05,1e-05,1e-05,1e-05,1e-05,0.970564,1e-05
"634",1e-05,1e-05,1e-05,1e-05,1e-05,1e-05,1e-05,0.988573,1e-05,0.011327,1e-05,1e-05
"635",1e-05,1e-05,1e-05,1e-05,0.976017,1e-05,1e-05,1e-05,1e-05,1e-05,0.023883,1e-05
"636",1e-05,1e-05,1e-05,1e-05,0.859129,1e-05,1e-05,1e-05,1e-05,0.089247,0.051534,1e-05
"637",1e-05,1e-05,1e-05,1e-05,0.990143,1e-05,1e-05,1e-05,1e-05,1e-05,0.009757,1e-05
"638",1e-05,1e-05,1e-05,1e-05,0.148844,1e-05,1e-05,1e-05,1e-05,1e-05,0.851056,1e-05
"639",1e-05,1e-05,1e-05,1e-05,1e-05,1e-05,1e-05,1e-05,1e-05,1e-05,0.99989,1e-05
"640",0.136003,1e-05,1e-05,1e-05,1e-05,1e-05,1e-05,1e-05,0.325015,0.538892,1e-05,1e-05
"641",0.119129,1e-05,1e-05,1e-05,1e-05,1e-05,1e-05,0.08927,0.125583,0.61231,0.053639,1e-05
"642",0.181618,1e-05,1e-05,1e-05,1e-05,1e-05,1e-05,1e-05,0.31411,0.504182,1e-05,1e-05
"643",1e-05,1e-05,1e-05,1e-05,0.679668,1e-05,1e-05,0.076444,1e-05,0.182302,0.051748,0.009768
"644",1e-05,0.084835,0.12158,1e-05,0.222879,0.071096,1e-05,0.202151,1e-05,0.269278,0.028132,1e-05
"645",1e-05,1e-05,0.042974,1e-05,0.053431,1e-05,1e-05,0.053878,1e-05,0.849637,1e-05,1e-05
"646",1e-05,1e-05,1e-05,0.001857,0.119433,1e-05,1e-05,0.065621,0.078954,0.615394,0.106181,0.01251
"647",1e-05,1e-05,1e-05,1e-05,1e-05,1e-05,1e-05,0.389367,1e-05,0.610533,1e-05,1e-05
"648",1e-05,1e-05,1e-05,1e-05,1e-05,1e-05,1e-05,0.690628,1e-05,0.309272,1e-05,1e-05
"649",1e-05,1e-05,1e-05,1e-05,1e-05,1e-05,1e-05,0.555643,1e-05,0.444257,1e-05,1e-05
"650",1e-05,1e-05,1e-05,1e-05,1e-05,1e-05,1e-05,1e-05,1e-05,0.99989,1e-05,1e-05
"651",1e-05,1e-05,1e-05,1e-05,1e-05,1e-05,1e-05,1e-05,0.056766,0.943134,1e-05,1e-05
"652",0.109269,1e-05,1e-05,1e-05,1e-05,1e-05,1e-05,0.092202,0.038046,0.667355,0.093058,1e-05
"653",0.132195,1e-05,1e-05,1e-05,1e-05,1e-05,1e-05,0.107336,0.016548,0.62833,0.115521,1e-05
"654",1e-05,1e-05,1e-05,1e-05,0.568136,1e-05,1e-05,0.037608,1e-05,0.338283,0.055893,1e-05
"655",1e-05,1e-05,1e-05,1e-05,1e-05,1e-05,1e-05,1e-05,1e-05,0.99989,1e-05,1e-05
"656",1e-05,1e-05,1e-05,1e-05,1e-05,1e-05,1e-05,1e-05,1e-05,1e-05,0.99989,1e-05
"657",1e-05,1e-05,1e-05,1e-05,1e-05,1e-05,1e-05,1e-05,1e-05,1e-05,0.99989,1e-05
"658",1e-05,1e-05,1e-05,1e-05,1e-05,1e-05,1e-05,1e-05,0.163804,0.836096,1e-05,1e-05
"659",1e-05,1e-05,1e-05,1e-05,1e-05,1e-05,1e-05,1e-05,1e-05,0.882852,0.117048,1e-05
"660",1e-05,1e-05,1e-05,1e-05,0.99989,1e-05,1e-05,1e-05,1e-05,1e-05,1e-05,1e-05
"661",0.039962,0.016687,0.041093,1e-05,0.215065,1e-05,1e-05,0.082302,0.205513,0.391465,1e-05,0.007872
"662",1e-05,1e-05,1e-05,1e-05,0.463297,1e-05,1e-05,1e-05,1e-05,0.536603,1e-05,1e-05
"663",1e-05,1e-05,0.0659,1e-05,0.440333,0.026864,1e-05,1e-05,0.046699,0.420135,1e-05,1e-05
"664",0.066243,1e-05,1e-05,1e-05,0.284439,1e-05,1e-05,1e-05,1e-05,0.62511,0.024128,1e-05
"665",0.018222,1e-05,1e-05,1e-05,0.159964,1e-05,1e-05,1e-05,1e-05,0.808966,1e-05,0.012768
"666",1e-05,0.037147,1e-05,1e-05,0.198087,1e-05,1e-05,1e-05,1e-05,0.68018,0.022315,0.062201
"667",1e-05,1e-05,1e-05,0.046884,0.127511,1e-05,1e-05,0.049041,0.013032,0.724125,0.010384,0.028972
"668",1e-05,1e-05,1e-05,1.2e-05,1e-05,1e-05,1e-05,0.861447,1e-05,0.138451,1e-05,1e-05
"669",1e-05,1e-05,1e-05,1e-05,0.99989,1e-05,1e-05,1e-05,1e-05,1e-05,1e-05,1e-05
"670",1e-05,1e-05,1e-05,1e-05,0.048546,1e-05,1e-05,0.067573,1e-05,0.85211,0.022922,0.008779
"671",1e-05,1e-05,0.0567,1e-05,0.043677,0.850443,1e-05,0.021077,1e-05,1e-05,0.008806,0.019236
"672",1e-05,0.690799,0.129104,0.015785,1e-05,0.056453,0.083951,1e-05,1e-05,1e-05,0.003131,0.020728
"673",1e-05,0.110326,1e-05,0.889574,1e-05,1e-05,1e-05,1e-05,1e-05,1e-05,1e-05,1e-05
"674",1e-05,0.724547,0.006119,1e-05,1e-05,1e-05,0.269244,1e-05,1e-05,1e-05,1e-05,1e-05
"675",1e-05,0.473172,1e-05,0.412981,1e-05,1e-05,0.10363,1e-05,1e-05,1e-05,1e-05,0.010136
"676",1e-05,0.377437,1e-05,0.519267,1e-05,1e-05,0.097205,1e-05,1e-05,1e-05,1e-05,0.00601
"677",1e-05,0.398883,1e-05,0.545541,1e-05,0.004004,0.036454,1e-05,1e-05,1e-05,1e-05,0.015048
"678",1e-05,0.348945,1e-05,0.515177,1e-05,1e-05,0.135788,1e-05,1e-05,1e-05,1e-05,1e-05
"679",1e-05,0.486994,1.9e-05,0.113931,1e-05,0.099358,0.299628,1e-05,1e-05,1e-05,1e-05,1e-05
"680",1e-05,0.165117,1e-05,0.740503,1e-05,0.006141,0.079273,1e-05,1e-05,1e-05,1e-05,0.008896
"681",1e-05,0.361543,1e-05,0.571,1e-05,0.003932,0.063445,1e-05,1e-05,1e-05,1e-05,1e-05
"682",1e-05,0.539068,0.184663,0.07631,1e-05,0.187209,0.011426,1e-05,1e-05,1e-05,1e-05,0.001265
"683",1e-05,0.636231,1e-05,1e-05,1e-05,1e-05,0.363669,1e-05,1e-05,1e-05,1e-05,1e-05
"684",1e-05,0.738711,0.129591,0.035103,1e-05,0.096515,1e-05,1e-05,1e-05,1e-05,1e-05,1e-05
"685",1e-05,0.772778,0.001424,0.054863,0.028586,0.132911,1e-05,1e-05,1e-05,1e-05,1e-05,0.009377
"686",1e-05,0.929103,1e-05,1e-05,1e-05,0.070797,1e-05,1e-05,1e-05,1e-05,1e-05,1e-05
"687",1e-05,0.13337,1e-05,0.856643,1e-05,1e-05,0.009898,1e-05,1e-05,1e-05,1e-05,1e-05
"688",1e-05,0.485836,0.013803,0.240187,1e-05,0.152024,0.054868,1e-05,1e-05,0.047653,1e-05,0.005579
"689",1e-05,0.822205,1e-05,1e-05,0.13077,0.046935,1e-05,1e-05,1e-05,1e-05,1e-05,1e-05
"690",1e-05,0.990546,1e-05,1e-05,1e-05,1e-05,1e-05,1e-05,1e-05,1e-05,0.009354,1e-05
"691",1e-05,0.809098,0.104006,1e-05,1e-05,0.077687,1e-05,1e-05,1e-05,1e-05,0.009129,1e-05
"692",1e-05,0.601188,0.166592,1e-05,1.1e-05,0.138792,0.086761,1e-05,1e-05,1e-05,1e-05,0.006595
"693",1e-05,0.662455,1e-05,1e-05,0.054286,0.017701,0.265477,1e-05,1e-05,1e-05,1e-05,1e-05
"694",1e-05,0.45809,0.302828,1e-05,0.014497,0.112815,0.056372,0.054031,1e-05,1e-05,1e-05,0.001318
"695",1e-05,0.064353,0.059212,0.379206,1e-05,1e-05,0.497148,1e-05,1e-05,1e-05,1e-05,1e-05
"696",1e-05,0.865468,1e-05,1e-05,1e-05,0.027096,0.059688,0.033877,1e-05,1e-05,1e-05,0.013802
"697",1e-05,0.751878,0.081041,0.053038,1e-05,0.102779,1e-05,1e-05,1e-05,0.011194,1e-05,1e-05
"698",1e-05,1e-05,1e-05,1e-05,1e-05,1e-05,0.99989,1e-05,1e-05,1e-05,1e-05,1e-05
"699",1e-05,0.99989,1e-05,1e-05,1e-05,1e-05,1e-05,1e-05,1e-05,1e-05,1e-05,1e-05
"700",1e-05,0.869255,1e-05,0.043013,0.040484,1e-05,0.009233,1e-05,0.012315,1e-05,0.02564,1e-05
"701",1e-05,0.537679,1e-05,1e-05,0.102005,1e-05,0.360226,1e-05,1e-05,1e-05,1e-05,1e-05
"702",1e-05,0.21175,1e-05,0.74455,1e-05,1e-05,0.037531,1e-05,1e-05,1.2e-05,1e-05,0.006087
"703",1e-05,0.832106,0.062275,0.01386,1e-05,0.049997,0.038153,1e-05,1e-05,1e-05,1e-05,0.003549
"704",1e-05,0.931793,1e-05,0.068107,1e-05,1e-05,1e-05,1e-05,1e-05,1e-05,1e-05,1e-05
"705",1e-05,0.210087,1e-05,0.645404,1e-05,0.053022,0.072351,1e-05,1e-05,1e-05,1e-05,0.019067
"706",1e-05,1e-05,1e-05,1e-05,1e-05,1e-05,0.99989,1e-05,1e-05,1e-05,1e-05,1e-05
"707",1e-05,1e-05,1e-05,1e-05,1e-05,1e-05,0.99989,1e-05,1e-05,1e-05,1e-05,1e-05
"708",1e-05,0.315628,1e-05,0.671232,1e-05,1e-05,0.01305,1e-05,1e-05,1e-05,1e-05,1e-05
"709",1e-05,1e-05,1e-05,1e-05,1e-05,1e-05,0.99989,1e-05,1e-05,1e-05,1e-05,1e-05
"710",1e-05,0.871109,0.049442,1e-05,1e-05,0.032093,0.047277,1e-05,1e-05,1e-05,1e-05,1e-05
"711",1e-05,0.920566,0.079334,1e-05,1e-05,1e-05,1e-05,1e-05,1e-05,1e-05,1e-05,1e-05
"712",1e-05,0.771472,1e-05,0.06791,1e-05,0.087139,0.073399,1e-05,1e-05,1e-05,1e-05,1e-05
"713",1e-05,0.077668,1e-05,1e-05,0.04345,1e-05,0.851524,1e-05,1e-05,1e-05,1e-05,0.027278
"714",1e-05,0.234877,1e-05,1e-05,0.109003,1e-05,0.470374,0.112428,1e-05,1e-05,0.073248,1e-05
"715",0.014473,0.620918,0.170809,0.01731,1e-05,0.072705,0.084024,0.016436,1e-05,0.003285,1e-05,1e-05
"716",1e-05,0.810866,1e-05,0.01149,1e-05,0.071254,0.10631,1e-05,1e-05,1e-05,1e-05,1e-05
"717",1e-05,0.982015,1e-05,1e-05,1e-05,1e-05,0.017885,1e-05,1e-05,1e-05,1e-05,1e-05
"718",1e-05,1e-05,1e-05,1e-05,1e-05,1e-05,0.99989,1e-05,1e-05,1e-05,1e-05,1e-05
"719",1e-05,1e-05,1e-05,1e-05,1e-05,1e-05,0.99989,1e-05,1e-05,1e-05,1e-05,1e-05
"720",1e-05,0.99989,1e-05,1e-05,1e-05,1e-05,1e-05,1e-05,1e-05,1e-05,1e-05,1e-05
"721",1e-05,0.976317,1e-05,1e-05,1e-05,1e-05,1e-05,1e-05,1e-05,1e-05,0.023583,1e-05
"722",1e-05,0.714498,0.125698,1e-05,1e-05,0.075338,0.081533,0.002863,1e-05,1e-05,1e-05,1e-05
"723",1e-05,0.405643,0.024199,0.199885,1e-05,0.118723,0.213111,0.019145,1e-05,0.019244,1e-05,1e-05
"724",1e-05,0.242328,1e-05,0.718519,1e-05,1e-05,0.039062,1e-05,1e-05,1e-05,1e-05,1e-05
"725",1e-05,0.620763,0.13968,1e-05,1e-05,0.099303,0.117361,0.011769,1e-05,1e-05,1e-05,0.011064
"726",1e-05,0.99989,1e-05,1e-05,1e-05,1e-05,1e-05,1e-05,1e-05,1e-05,1e-05,1e-05
"727",1e-05,0.99989,1e-05,1e-05,1e-05,1e-05,1e-05,1e-05,1e-05,1e-05,1e-05,1e-05
"728",1e-05,0.524722,1e-05,0.00118,0.065541,0.295682,1e-05,0.05069,1e-05,0.045642,1e-05,0.016493
"729",1e-05,0.99989,1e-05,1e-05,1e-05,1e-05,1e-05,1e-05,1e-05,1e-05,1e-05,1e-05
"730",1e-05,0.917152,1e-05,1e-05,0.082748,1e-05,1e-05,1e-05,1e-05,1e-05,1e-05,1e-05
"731",1e-05,0.476648,0.27756,0.051716,1e-05,0.180409,0.013598,1e-05,1e-05,1e-05,1e-05,1e-05
"732",1e-05,0.195075,0.068012,0.047881,0.030592,0.519313,0.074573,0.047761,1e-05,1e-05,0.016753,1e-05
"733",1e-05,0.85814,1e-05,0.054466,1e-05,0.074288,1e-05,1e-05,0.013026,1e-05,1e-05,1e-05
"734",1e-05,0.347551,0.015699,0.143242,1e-05,0.003025,0.489821,1e-05,1e-05,1e-05,1e-05,0.000602
"735",1e-05,0.813262,0.092492,1e-05,1e-05,0.094156,1e-05,1e-05,1e-05,1e-05,1e-05,1e-05
"736",1e-05,0.967852,1e-05,1e-05,1e-05,1e-05,1e-05,1e-05,1e-05,1e-05,0.032048,1e-05
"737",1e-05,0.646962,0.274681,1e-05,1e-05,0.076816,0.001461,1e-05,1e-05,1e-05,1e-05,1e-05
"738",1e-05,0.359324,0.174512,0.107381,1e-05,0.205422,0.153292,1e-05,1e-05,1e-05,1e-05,1e-05
"739",1e-05,0.693431,0.128473,1e-05,0.065402,0.112614,1e-05,1e-05,1e-05,1e-05,1e-05,1e-05
"740",1e-05,0.98997,1e-05,1e-05,1e-05,1e-05,0.00993,1e-05,1e-05,1e-05,1e-05,1e-05
"741",1.3e-05,1e-05,1e-05,1e-05,1e-05,1e-05,0.854348,0.123467,1e-05,1e-05,0.022092,1e-05
"742",1e-05,0.663521,0.247447,1e-05,1e-05,0.074682,1e-05,1e-05,1e-05,1e-05,1e-05,0.01427
"743",0.015595,0.534564,0.125432,0.041193,1e-05,0.18543,0.000416,0.012335,1e-05,1e-05,0.07676,0.008245
"744",1e-05,0.972309,1e-05,1e-05,1e-05,0.027591,1e-05,1e-05,1e-05,1e-05,1e-05,1e-05
"745",1e-05,0.736297,0.154761,1e-05,0.02696,0.067537,1e-05,1e-05,1e-05,1e-05,1e-05,0.014375
"746",1e-05,0.985366,1e-05,1e-05,1e-05,1e-05,0.014534,1e-05,1e-05,1e-05,1e-05,1e-05
"747",1e-05,0.762993,0.099525,1e-05,1e-05,0.122174,1e-05,1e-05,1e-05,1e-05,1e-05,0.015229
"748",1e-05,0.332179,0.142784,1e-05,0.104729,0.376382,0.000594,1e-05,1e-05,1e-05,0.03006,0.013222
"749",1e-05,0.623423,0.151241,0.030451,0.009654,0.155971,1e-05,1e-05,1e-05,0.021802,0.007407,1e-05
"750",1e-05,0.585148,0.310065,1e-05,1e-05,0.104696,1e-05,1e-05,1e-05,1e-05,1e-05,1e-05
"751",1e-05,0.716239,1e-05,1e-05,0.177049,1e-05,0.056878,1e-05,1e-05,1e-05,0.049754,1e-05
"752",1e-05,0.999888,1e-05,1e-05,1e-05,1e-05,1e-05,1e-05,1e-05,1e-05,1.2e-05,1e-05
"753",1e-05,0.790589,0.117566,1e-05,1e-05,0.04675,0.039537,1e-05,1e-05,1e-05,1e-05,0.005488
"754",0.021694,0.620439,0.180008,1e-05,1e-05,0.085841,0.062757,1e-05,0.0292,1e-05,1e-05,1e-05
"755",1e-05,0.794498,0.117085,1e-05,0.029385,0.055045,1e-05,1e-05,1e-05,1e-05,1e-05,0.003916
"756",1e-05,1e-05,1e-05,1e-05,1e-05,1e-05,0.99989,1e-05,1e-05,1e-05,1e-05,1e-05
"757",1e-05,0.534325,0.317735,0.069073,1e-05,0.078787,1e-05,1e-05,1e-05,1e-05,1e-05,1e-05
"758",1e-05,1e-05,1e-05,1e-05,1e-05,1e-05,0.99989,1e-05,1e-05,1e-05,1e-05,1e-05
"759",1e-05,0.762719,0.09016,1e-05,1e-05,0.100152,1e-05,0.017882,1e-05,0.014664,1e-05,0.014362
"760",1e-05,0.99989,1e-05,1e-05,1e-05,1e-05,1e-05,1e-05,1e-05,1e-05,1e-05,1e-05
"761",0.075573,0.094911,0.113525,1e-05,0.164341,0.034411,0.360579,0.074077,0.068129,1e-05,0.014425,1e-05
"762",0.985276,1e-05,1e-05,1e-05,1e-05,1e-05,1e-05,0.014624,1e-05,1e-05,1e-05,1e-05
"763",0.97763,1e-05,0.013735,1e-05,1e-05,1e-05,1e-05,1e-05,0.008546,1e-05,1e-05,1e-05
"764",0.99989,1e-05,1e-05,1e-05,1e-05,1e-05,1e-05,1e-05,1e-05,1e-05,1e-05,1e-05
"765",0.99989,1e-05,1e-05,1e-05,1e-05,1e-05,1e-05,1e-05,1e-05,1e-05,1e-05,1e-05
"766",0.99989,1e-05,1e-05,1e-05,1e-05,1e-05,1e-05,1e-05,1e-05,1e-05,1e-05,1e-05
"767",0.99989,1e-05,1e-05,1e-05,1e-05,1e-05,1e-05,1e-05,1e-05,1e-05,1e-05,1e-05
"768",0.204886,1e-05,0.225442,0.545065,1e-05,0.014866,1e-05,1e-05,0.009671,1e-05,1e-05,1e-05
"769",0.947502,1e-05,1e-05,1e-05,1e-05,1e-05,1e-05,0.052398,1e-05,1e-05,1e-05,1e-05
"770",0.945783,1e-05,1e-05,1e-05,1e-05,1e-05,1e-05,0.054117,1e-05,1e-05,1e-05,1e-05
"771",0.958821,1e-05,1e-05,1e-05,1e-05,1e-05,1e-05,0.041079,1e-05,1e-05,1e-05,1e-05
"772",0.99989,1e-05,1e-05,1e-05,1e-05,1e-05,1e-05,1e-05,1e-05,1e-05,1e-05,1e-05
"773",0.99989,1e-05,1e-05,1e-05,1e-05,1e-05,1e-05,1e-05,1e-05,1e-05,1e-05,1e-05
"774",0.99989,1e-05,1e-05,1e-05,1e-05,1e-05,1e-05,1e-05,1e-05,1e-05,1e-05,1e-05
"775",0.328358,1e-05,1e-05,0.134788,1e-05,1e-05,1e-05,1e-05,0.520741,0.014005,1e-05,0.002037
"776",0.99989,1e-05,1e-05,1e-05,1e-05,1e-05,1e-05,1e-05,1e-05,1e-05,1e-05,1e-05
"777",0.99989,1e-05,1e-05,1e-05,1e-05,1e-05,1e-05,1e-05,1e-05,1e-05,1e-05,1e-05
"778",0.99987,1.7e-05,1.5e-05,1e-05,1e-05,1e-05,1e-05,1e-05,1e-05,1e-05,1.8e-05,1e-05
"779",0.99989,1e-05,1e-05,1e-05,1e-05,1e-05,1e-05,1e-05,1e-05,1e-05,1e-05,1e-05
"780",0.99989,1e-05,1e-05,1e-05,1e-05,1e-05,1e-05,1e-05,1e-05,1e-05,1e-05,1e-05
"781",0.99989,1e-05,1e-05,1e-05,1e-05,1e-05,1e-05,1e-05,1e-05,1e-05,1e-05,1e-05
"782",0.999889,1e-05,1e-05,1e-05,1e-05,1e-05,1e-05,1e-05,1.1e-05,1e-05,1e-05,1e-05
"783",0.99989,1e-05,1e-05,1e-05,1e-05,1e-05,1e-05,1e-05,1e-05,1e-05,1e-05,1e-05
"784",0.99989,1e-05,1e-05,1e-05,1e-05,1e-05,1e-05,1e-05,1e-05,1e-05,1e-05,1e-05
"785",0.99989,1e-05,1e-05,1e-05,1e-05,1e-05,1e-05,1e-05,1e-05,1e-05,1e-05,1e-05
"786",0.999885,1e-05,1e-05,1.5e-05,1e-05,1e-05,1e-05,1e-05,1e-05,1e-05,1e-05,1e-05
"787",0.99989,1e-05,1e-05,1e-05,1e-05,1e-05,1e-05,1e-05,1e-05,1e-05,1e-05,1e-05
"788",0.99989,1e-05,1e-05,1e-05,1e-05,1e-05,1e-05,1e-05,1e-05,1e-05,1e-05,1e-05
"789",0.999885,1e-05,1e-05,1e-05,1e-05,1.5e-05,1e-05,1e-05,1e-05,1e-05,1e-05,1e-05
"790",0.99989,1e-05,1e-05,1e-05,1e-05,1e-05,1e-05,1e-05,1e-05,1e-05,1e-05,1e-05
"791",0.99989,1e-05,1e-05,1e-05,1e-05,1e-05,1e-05,1e-05,1e-05,1e-05,1e-05,1e-05
"792",0.99989,1e-05,1e-05,1e-05,1e-05,1e-05,1e-05,1e-05,1e-05,1e-05,1e-05,1e-05
"793",0.99988,1e-05,1e-05,1e-05,1e-05,2e-05,1e-05,1e-05,1e-05,1e-05,1e-05,1e-05
"794",0.99989,1e-05,1e-05,1e-05,1e-05,1e-05,1e-05,1e-05,1e-05,1e-05,1e-05,1e-05
"795",0.99989,1e-05,1e-05,1e-05,1e-05,1e-05,1e-05,1e-05,1e-05,1e-05,1e-05,1e-05
"796",0.012827,1e-05,0.169467,0.173897,1e-05,0.014849,1e-05,0.009161,0.614709,1e-05,1e-05,0.005039
"797",0.050097,1e-05,1e-05,1e-05,1e-05,0.111874,1e-05,1e-05,0.837939,1e-05,1e-05,1e-05
"798",1e-05,1e-05,0.130742,0.77811,1e-05,0.091059,1e-05,1e-05,1e-05,1e-05,1e-05,1e-05
"799",1e-05,0.066998,0.115591,0.817321,1e-05,1e-05,1e-05,1e-05,1e-05,1e-05,1e-05,1e-05
"800",1e-05,1e-05,0.108083,0.891817,1e-05,1e-05,1e-05,1e-05,1e-05,1e-05,1e-05,1e-05
"801",1e-05,1e-05,0.146177,0.822804,1e-05,0.030929,1e-05,1e-05,1e-05,1e-05,1e-05,1e-05
"802",1e-05,0.000107,0.108655,0.769755,0.018379,0.085512,1e-05,1e-05,1e-05,0.017532,1e-05,1e-05
"803",1e-05,1e-05,0.016729,0.918974,1e-05,0.064206,1e-05,1e-05,1e-05,1e-05,1e-05,1e-05
"804",1e-05,1e-05,1e-05,0.990754,1e-05,0.009146,1e-05,1e-05,1e-05,1e-05,1e-05,1e-05
"805",1e-05,1e-05,0.145382,0.854518,1e-05,1e-05,1e-05,1e-05,1e-05,1e-05,1e-05,1e-05
"806",1e-05,1e-05,0.100909,0.878556,1e-05,0.020444,1e-05,1e-05,1e-05,1e-05,1e-05,1e-05
"807",1e-05,1e-05,0.059097,0.910606,1e-05,1e-05,1e-05,1e-05,0.030207,1e-05,1e-05,1e-05
"808",1e-05,1e-05,0.16117,0.722188,1e-05,0.116552,1e-05,1e-05,1e-05,1e-05,1e-05,1e-05
"809",1e-05,1e-05,0.210293,0.626061,1e-05,0.152819,1e-05,1e-05,1e-05,1e-05,1e-05,0.010747
"810",1e-05,1e-05,0.057378,0.868365,1e-05,0.056427,1e-05,0.01775,1e-05,1e-05,1e-05,1e-05
"811",1e-05,1e-05,0.278559,0.524141,1e-05,0.152782,1e-05,1e-05,0.044438,1e-05,1e-05,1e-05
"812",1e-05,1e-05,1e-05,1e-05,1e-05,1e-05,1e-05,0.99989,1e-05,1e-05,1e-05,1e-05
"813",1e-05,1e-05,1e-05,1.4e-05,1e-05,1e-05,1e-05,0.999886,1e-05,1e-05,1e-05,1e-05
"814",1e-05,1e-05,1e-05,1e-05,1e-05,1e-05,1e-05,0.99989,1e-05,1e-05,1e-05,1e-05
"815",1e-05,1e-05,1e-05,1e-05,1e-05,1e-05,1e-05,0.99989,1e-05,1e-05,1e-05,1e-05
"816",1e-05,1e-05,1e-05,1e-05,1e-05,1e-05,1e-05,0.99989,1e-05,1e-05,1e-05,1e-05
"817",1e-05,1e-05,1e-05,1e-05,1e-05,1e-05,1e-05,0.99989,1e-05,1e-05,1e-05,1e-05
"818",1e-05,1e-05,1e-05,1e-05,1e-05,1e-05,1e-05,0.99989,1e-05,1e-05,1e-05,1e-05
"819",1e-05,1e-05,1e-05,1e-05,1e-05,1e-05,1e-05,0.99989,1e-05,1e-05,1e-05,1e-05
"820",1e-05,1e-05,1e-05,1e-05,1e-05,1e-05,1e-05,0.940551,0.059349,1e-05,1e-05,1e-05
"821",1e-05,1e-05,1e-05,1e-05,1e-05,1e-05,1e-05,0.99989,1e-05,1e-05,1e-05,1e-05
"822",1e-05,1e-05,1e-05,1e-05,1e-05,1e-05,1e-05,0.970532,0.029368,1e-05,1e-05,1e-05
"823",1e-05,1e-05,1e-05,1e-05,1e-05,1e-05,1e-05,0.866394,0.133506,1e-05,1e-05,1e-05
"824",1e-05,1e-05,1e-05,1e-05,1e-05,1e-05,1e-05,0.939636,0.060264,1e-05,1e-05,1e-05
"825",1e-05,1e-05,1e-05,1e-05,1e-05,1e-05,1e-05,0.99989,1e-05,1e-05,1e-05,1e-05
"826",1e-05,1e-05,1e-05,1e-05,1e-05,1e-05,1e-05,0.99989,1e-05,1e-05,1e-05,1e-05
"827",1e-05,1e-05,1e-05,1e-05,1e-05,1e-05,1e-05,0.99989,1e-05,1e-05,1e-05,1e-05
"828",1e-05,1e-05,1e-05,1e-05,1e-05,1e-05,1e-05,0.99989,1e-05,1e-05,1e-05,1e-05
"829",1e-05,1e-05,1e-05,1e-05,1e-05,1e-05,1e-05,0.99989,1e-05,1e-05,1e-05,1e-05
"830",1e-05,1e-05,1e-05,1e-05,1e-05,1e-05,1e-05,0.99989,1e-05,1e-05,1e-05,1e-05
"831",1e-05,1e-05,1e-05,2e-05,1e-05,1e-05,1e-05,0.99988,1e-05,1e-05,1e-05,1e-05
"832",1e-05,1e-05,1e-05,1e-05,1e-05,1e-05,1e-05,0.99989,1e-05,1e-05,1e-05,1e-05
"833",1e-05,1e-05,1e-05,1e-05,1e-05,1e-05,1e-05,0.99989,1e-05,1e-05,1e-05,1e-05
"834",1e-05,1e-05,1e-05,1e-05,1e-05,1e-05,1e-05,0.99989,1e-05,1e-05,1e-05,1e-05
"835",1e-05,1e-05,1e-05,1e-05,1e-05,1e-05,1e-05,0.99989,1e-05,1e-05,1e-05,1e-05
"836",0.37176,1e-05,0.124569,0.163442,1e-05,1e-05,1e-05,0.014067,0.318878,0.007223,1e-05,1e-05
"837",1e-05,1e-05,1e-05,1e-05,1e-05,1e-05,1e-05,0.99989,1e-05,1e-05,1e-05,1e-05
"838",1e-05,1e-05,1e-05,1e-05,1e-05,1e-05,1e-05,0.99989,1e-05,1e-05,1e-05,1e-05
"839",1e-05,1e-05,1e-05,1e-05,1e-05,1e-05,1e-05,0.99989,1e-05,1e-05,1e-05,1e-05
"840",1e-05,1e-05,1e-05,1e-05,1e-05,1e-05,1e-05,0.99989,1e-05,1e-05,1e-05,1e-05
"841",1e-05,1e-05,1e-05,1e-05,1e-05,1e-05,1e-05,0.99989,1e-05,1e-05,1e-05,1e-05
"842",0.208308,1e-05,0.160386,0.5513,1e-05,1e-05,1e-05,1e-05,0.079927,1e-05,1e-05,1e-05
"843",0.121287,1e-05,0.210234,0.619493,1.3e-05,1e-05,1e-05,1e-05,0.048903,1e-05,1e-05,1e-05
"844",0.106134,1e-05,0.267731,0.55983,1e-05,1e-05,1e-05,1e-05,0.066225,1e-05,1e-05,1e-05
"845",0.075214,1e-05,0.009322,0.680066,1e-05,0.008122,1e-05,1e-05,0.227206,1e-05,1e-05,1e-05
"846",0.269073,1e-05,0.087385,0.212092,1e-05,0.011106,0.122751,1e-05,0.297533,1e-05,1e-05,1e-05
"847",0.073201,1e-05,0.106113,0.630848,0.023869,1e-05,1e-05,1e-05,0.1659,1e-05,1e-05,1e-05
"848",0.1115,1e-05,0.166187,0.614757,1e-05,0.012496,1e-05,1e-05,0.094991,1e-05,1e-05,1e-05
"849",0.109989,1e-05,0.040442,0.610734,0.016382,0.044093,1e-05,1e-05,0.172397,0.005913,1e-05,1e-05
"850",0.236401,1e-05,0.249884,0.386233,1e-05,0.044274,1e-05,0.000999,0.082148,1e-05,1e-05,1e-05
"851",0.121897,1e-05,0.117554,0.63594,0.020021,1e-05,0.007084,1e-05,0.097444,1e-05,1e-05,1e-05
"852",0.052284,1e-05,0.031104,0.675379,1e-05,0.059422,0.031187,0.01037,0.059712,0.05629,0.024222,1e-05
"853",0.097042,1e-05,0.15516,0.602707,1e-05,1e-05,1e-05,1e-05,0.134997,1e-05,1e-05,0.010023
"854",0.133087,1e-05,0.239794,0.51562,0.004753,2e-05,1e-05,1e-05,0.106666,1e-05,1e-05,1e-05
"855",0.140033,1e-05,1e-05,0.587596,0.000664,0.072444,1e-05,1e-05,0.199192,1e-05,1e-05,1e-05
"856",0.070605,1e-05,0.037739,0.667332,1e-05,1e-05,1e-05,1e-05,0.224244,1e-05,1e-05,1e-05
"857",0.123794,1e-05,0.054499,0.601864,1e-05,1e-05,1e-05,1e-05,0.219763,1e-05,1e-05,1e-05
"858",0.077181,0.001619,1e-05,0.740227,1e-05,0.009735,1e-05,0.029044,0.068872,0.049829,0.023453,1e-05
"859",0.103299,1e-05,0.045427,0.716723,0.028987,1e-05,0.01306,0.035009,0.057445,1e-05,1e-05,1e-05
"860",0.05395,1e-05,1e-05,0.644531,1e-05,0.094873,0.016778,0.050997,0.129177,1e-05,0.009644,1e-05
"861",0.091069,1e-05,0.164738,0.568851,1e-05,0.081353,1e-05,1e-05,0.093918,1e-05,1e-05,1e-05
"862",0.077115,1e-05,0.05573,0.601246,1e-05,0.08848,1e-05,0.019392,0.157977,1e-05,1e-05,1e-05
"863",0.053485,1e-05,1e-05,0.739928,0.051624,1e-05,1e-05,0.053943,0.055608,0.019917,1e-05,0.025444
"864",0.209544,1e-05,0.250041,0.525237,1e-05,0.005374,1e-05,1e-05,0.009733,1e-05,1e-05,1e-05
"865",0.208996,1e-05,0.016598,0.601966,1e-05,0.056184,0.009748,1e-05,0.049626,0.035444,0.00823,0.013178
"866",0.323364,1e-05,0.155275,0.416438,1.8e-05,0.012015,1e-05,1e-05,0.023197,0.069643,1e-05,1e-05
"867",0.010857,1e-05,0.0903,0.771938,1e-05,0.047468,1e-05,0.079367,1e-05,1e-05,1e-05,1e-05
"868",1e-05,1e-05,0.129196,0.870704,1e-05,1e-05,1e-05,1e-05,1e-05,1e-05,1e-05,1e-05
"869",1e-05,1e-05,1e-05,1e-05,1e-05,1e-05,1e-05,0.99989,1e-05,1e-05,1e-05,1e-05
"870",1e-05,1e-05,1e-05,1e-05,1e-05,1e-05,1e-05,0.050423,0.949477,1e-05,1e-05,1e-05
"871",0.025334,1e-05,1e-05,1e-05,1e-05,1e-05,1e-05,1e-05,0.942897,1e-05,0.031679,1e-05
"872",1e-05,1e-05,1e-05,1e-05,1e-05,1e-05,1e-05,0.022937,0.973728,0.003245,1e-05,1e-05
"873",0.037929,1e-05,1e-05,1e-05,1e-05,1e-05,1e-05,1e-05,0.961971,1e-05,1e-05,1e-05
"874",0.037438,1e-05,1e-05,1e-05,1e-05,1e-05,1e-05,1e-05,0.94466,1e-05,1e-05,0.017812
"875",0.032391,1e-05,1e-05,1e-05,1e-05,1e-05,1e-05,1e-05,0.967509,1e-05,1e-05,1e-05
"876",0.02942,1e-05,1e-05,1e-05,1e-05,1e-05,1e-05,1e-05,0.97048,1e-05,1e-05,1e-05
"877",0.385195,1e-05,0.156735,0.19479,1e-05,0.013023,1.8e-05,1e-05,0.250179,1e-05,1e-05,1e-05
"878",0.999881,1e-05,1e-05,1e-05,1e-05,1e-05,1e-05,1.9e-05,1e-05,1e-05,1e-05,1e-05
"879",0.049673,1e-05,0.159661,0.178148,1e-05,0.060476,1e-05,1e-05,0.551973,1e-05,1e-05,1e-05
"880",0.078975,1e-05,0.164235,0.015446,0.018585,0.000673,1e-05,1e-05,0.705362,1e-05,0.016674,1e-05
"881",0.111235,1e-05,0.054533,0.072268,1e-05,1e-05,1e-05,1e-05,0.757376,1e-05,0.004519,1e-05
"882",0.458281,1e-05,0.207774,0.258648,1e-05,1e-05,1e-05,1e-05,0.051065,0.024162,1e-05,1e-05
"883",0.233785,1e-05,1e-05,0.038294,0.027287,1e-05,1e-05,0.040413,0.660151,1e-05,1e-05,1e-05
"884",0.99989,1e-05,1e-05,1e-05,1e-05,1e-05,1e-05,1e-05,1e-05,1e-05,1e-05,1e-05
"885",1e-05,1e-05,1e-05,0.107488,1e-05,1e-05,1e-05,0.024445,0.853144,1e-05,1e-05,0.014842
"886",0.028124,1e-05,1e-05,0.292217,1e-05,0.002541,1e-05,0.019225,0.64277,1e-05,1e-05,0.015062
"887",0.092062,1e-05,0.378033,0.501752,1e-05,1e-05,1e-05,0.00094,0.025384,1e-05,0.001769,1e-05
"888",0.086925,0.006374,0.02996,0.070255,1e-05,1e-05,1e-05,0.046774,0.715482,0.017316,0.007924,0.01896
"889",0.20244,0.025003,1e-05,0.436092,1e-05,0.044113,0.004315,1e-05,0.271201,1e-05,1e-05,0.016786
"890",0.043207,1e-05,1e-05,0.138521,1e-05,0.022388,1e-05,1e-05,0.795804,1e-05,1e-05,1e-05
"891",0.054741,1e-05,0.320133,0.449839,1e-05,1e-05,1e-05,1e-05,0.160486,0.006689,0.008052,1e-05
"892",0.99989,1e-05,1e-05,1e-05,1e-05,1e-05,1e-05,1e-05,1e-05,1e-05,1e-05,1e-05
"893",1e-05,1e-05,1e-05,0.99989,1e-05,1e-05,1e-05,1e-05,1e-05,1e-05,1e-05,1e-05
"894",1e-05,1e-05,0.167516,1e-05,1e-05,0.029741,1e-05,1e-05,0.72038,0.078245,1e-05,0.004048
"895",0.021377,0.066333,1e-05,0.209169,0.129921,1e-05,0.475439,1e-05,0.083524,1e-05,0.014187,1e-05
"896",1e-05,0.108413,0.007262,0.296863,0.035977,0.004534,0.523819,0.023082,1e-05,1e-05,1e-05,1e-05
"897",0.99989,1e-05,1e-05,1e-05,1e-05,1e-05,1e-05,1e-05,1e-05,1e-05,1e-05,1e-05
"898",1e-05,1e-05,0.871133,1e-05,1e-05,1e-05,1e-05,0.004823,0.102476,1e-05,0.021487,1e-05
"899",1e-05,1e-05,0.935617,1e-05,1e-05,1e-05,1e-05,0.027019,0.037275,1e-05,1e-05,1e-05
"900",1e-05,1e-05,0.999882,1e-05,1e-05,1e-05,1e-05,1e-05,1e-05,1e-05,1.8e-05,1e-05
"901",1e-05,1e-05,0.99989,1e-05,1e-05,1e-05,1e-05,1e-05,1e-05,1e-05,1e-05,1e-05
"902",1e-05,1e-05,0.908119,1e-05,1e-05,1e-05,1e-05,1e-05,0.091781,1e-05,1e-05,1e-05
"903",1e-05,1e-05,0.99989,1e-05,1e-05,1e-05,1e-05,1e-05,1e-05,1e-05,1e-05,1e-05
"904",1e-05,1e-05,0.99989,1e-05,1e-05,1e-05,1e-05,1e-05,1e-05,1e-05,1e-05,1e-05
"905",1e-05,1e-05,0.99989,1e-05,1e-05,1e-05,1e-05,1e-05,1e-05,1e-05,1e-05,1e-05
"906",1e-05,1e-05,0.870658,1e-05,1e-05,1e-05,1e-05,1e-05,0.128993,1e-05,0.00026,1e-05
"907",1e-05,1e-05,0.955149,1e-05,1e-05,1e-05,1e-05,1e-05,0.044751,1e-05,1e-05,1e-05
"908",1e-05,1e-05,0.988338,1e-05,1e-05,1e-05,1e-05,1e-05,0.011432,1e-05,1e-05,0.00014
"909",1e-05,1e-05,0.914237,1e-05,1e-05,1e-05,1e-05,1e-05,0.085663,1e-05,1e-05,1e-05
"910",1e-05,1e-05,0.978826,1e-05,1e-05,0.021074,1e-05,1e-05,1e-05,1e-05,1e-05,1e-05
"911",1e-05,1e-05,0.99989,1e-05,1e-05,1e-05,1e-05,1e-05,1e-05,1e-05,1e-05,1e-05
"912",0.017114,1e-05,0.139709,1e-05,0.396428,0.169342,1e-05,0.084066,1e-05,0.067112,0.106594,0.019595
"913",1e-05,1e-05,0.99989,1e-05,1e-05,1e-05,1e-05,1e-05,1e-05,1e-05,1e-05,1e-05
"914",1e-05,1e-05,0.986812,1e-05,1e-05,1e-05,1e-05,1e-05,1e-05,1e-05,1e-05,0.013088
"915",1e-05,1e-05,0.99989,1e-05,1e-05,1e-05,1e-05,1e-05,1e-05,1e-05,1e-05,1e-05
"916",1e-05,1e-05,0.983256,1e-05,1e-05,1e-05,1e-05,0.016644,1e-05,1e-05,1e-05,1e-05
"917",1e-05,1e-05,0.99989,1e-05,1e-05,1e-05,1e-05,1e-05,1e-05,1e-05,1e-05,1e-05
"918",0.0191,1e-05,0.944518,1e-05,0.014529,1e-05,1e-05,0.013888,1e-05,1e-05,1e-05,0.007895
"919",1e-05,0.053312,0.713265,0.003246,1e-05,1e-05,1e-05,0.011425,0.157221,0.050594,0.007216,0.003682
"920",1e-05,1e-05,0.93776,1e-05,1e-05,1e-05,1e-05,1e-05,0.056214,1e-05,1e-05,0.005935
"921",1e-05,1e-05,0.99989,1e-05,1e-05,1e-05,1e-05,1e-05,1e-05,1e-05,1e-05,1e-05
"922",1e-05,1e-05,0.99989,1e-05,1e-05,1e-05,1e-05,1e-05,1e-05,1e-05,1e-05,1e-05
"923",1e-05,1e-05,0.970524,1e-05,1e-05,1e-05,1e-05,1e-05,0.029376,1e-05,1e-05,1e-05
"924",1e-05,1e-05,0.99989,1e-05,1e-05,1e-05,1e-05,1e-05,1e-05,1e-05,1e-05,1e-05
"925",1e-05,1e-05,0.988235,1e-05,1e-05,1e-05,1e-05,1e-05,1e-05,1e-05,0.011665,1e-05
"926",1e-05,1e-05,0.99989,1e-05,1e-05,1e-05,1e-05,1e-05,1e-05,1e-05,1e-05,1e-05
"927",1e-05,1e-05,0.997878,1e-05,1e-05,1e-05,1e-05,1e-05,0.002022,1e-05,1e-05,1e-05
"928",1e-05,1e-05,0.949559,1e-05,1e-05,1e-05,1e-05,1e-05,0.032346,1e-05,1e-05,0.018005
"929",1e-05,1e-05,0.99989,1e-05,1e-05,1e-05,1e-05,1e-05,1e-05,1e-05,1e-05,1e-05
"930",1e-05,1e-05,0.955129,1e-05,1e-05,1e-05,1e-05,1e-05,0.044771,1e-05,1e-05,1e-05
"931",1e-05,1e-05,0.99989,1e-05,1e-05,1e-05,1e-05,1e-05,1e-05,1e-05,1e-05,1e-05
"932",1e-05,1e-05,0.834266,1e-05,1e-05,1e-05,1e-05,1e-05,0.165634,1e-05,1e-05,1e-05
"933",1e-05,1e-05,0.99989,1e-05,1e-05,1e-05,1e-05,1e-05,1e-05,1e-05,1e-05,1e-05
"934",1e-05,1e-05,0.996574,1e-05,1e-05,1e-05,1e-05,1e-05,1e-05,0.003326,1e-05,1e-05
"935",1e-05,0.017018,0.971112,1e-05,1e-05,1e-05,1e-05,1e-05,1e-05,1e-05,1e-05,0.011781
"936",1e-05,1e-05,0.99989,1e-05,1e-05,1e-05,1e-05,1e-05,1e-05,1e-05,1e-05,1e-05
"937",1e-05,1e-05,0.99989,1e-05,1e-05,1e-05,1e-05,1e-05,1e-05,1e-05,1e-05,1e-05
"938",0.016365,1e-05,0.239846,1e-05,0.112419,0.484638,1e-05,0.006174,1e-05,0.06938,0.044948,0.02619
"939",1e-05,1e-05,0.971611,1e-05,1e-05,1e-05,1e-05,1e-05,0.028289,1e-05,1e-05,1e-05
"940",1e-05,1e-05,0.99989,1e-05,1e-05,1e-05,1e-05,1e-05,1e-05,1e-05,1e-05,1e-05
"941",1e-05,1e-05,0.99989,1e-05,1e-05,1e-05,1e-05,1e-05,1e-05,1e-05,1e-05,1e-05
"942",1e-05,1e-05,0.99989,1e-05,1e-05,1e-05,1e-05,1e-05,1e-05,1e-05,1e-05,1e-05
"943",1e-05,1e-05,0.99989,1e-05,1e-05,1e-05,1e-05,1e-05,1e-05,1e-05,1e-05,1e-05
"944",1e-05,1e-05,0.980081,1e-05,1.3e-05,1e-05,1e-05,0.019816,1e-05,1e-05,1e-05,1e-05
"945",1e-05,1e-05,0.99989,1e-05,1e-05,1e-05,1e-05,1e-05,1e-05,1e-05,1e-05,1e-05
"946",1e-05,0.56173,1e-05,0.336895,1e-05,1e-05,0.101285,1e-05,1e-05,1e-05,1e-05,1e-05
"947",1e-05,0.840896,0.14142,1e-05,1e-05,0.017594,1e-05,1e-05,1e-05,1e-05,1e-05,1e-05
"948",1e-05,0.872749,1e-05,1e-05,1e-05,0.057669,0.069492,1e-05,1e-05,1e-05,1e-05,1e-05
"949",1e-05,0.964249,0.010969,1e-05,1e-05,0.024692,1e-05,1e-05,1e-05,1e-05,1e-05,1e-05
"950",1e-05,0.99989,1e-05,1e-05,1e-05,1e-05,1e-05,1e-05,1e-05,1e-05,1e-05,1e-05
"951",0.014553,0.212624,0.230705,1e-05,0.003269,0.493358,1e-05,1e-05,1e-05,1e-05,0.029922,0.015519
"952",1e-05,0.452354,0.192484,0.057856,0.088477,0.037651,0.146524,1e-05,1e-05,1e-05,0.024605,1e-05
"953",1e-05,0.99989,1e-05,1e-05,1e-05,1e-05,1e-05,1e-05,1e-05,1e-05,1e-05,1e-05
"954",1e-05,0.578061,0.353819,1e-05,1e-05,0.06803,1e-05,1e-05,1e-05,1e-05,1e-05,1e-05
"955",1e-05,0.176806,0.49932,0.021286,0.017285,0.162151,1e-05,1e-05,0.03842,0.084682,1e-05,1e-05
"956",1e-05,0.672471,0.254984,1e-05,1e-05,0.072455,1e-05,1e-05,1e-05,1e-05,1e-05,1e-05
"957",1e-05,0.263109,0.359456,1e-05,0.067132,0.155037,0.103338,0.051868,1e-05,1e-05,1e-05,1e-05
"958",1e-05,0.378792,0.08571,0.227949,1e-05,0.141523,0.165955,1e-05,1e-05,1e-05,1.1e-05,1e-05
"959",1e-05,1e-05,1e-05,1e-05,1e-05,1e-05,0.99989,1e-05,1e-05,1e-05,1e-05,1e-05
"960",1e-05,0.99989,1e-05,1e-05,1e-05,1e-05,1e-05,1e-05,1e-05,1e-05,1e-05,1e-05
"961",1e-05,0.99989,1e-05,1e-05,1e-05,1e-05,1e-05,1e-05,1e-05,1e-05,1e-05,1e-05
"962",1e-05,0.57344,0.203689,0.097501,1e-05,0.098835,0.026465,1e-05,1e-05,1e-05,1e-05,1e-05
"963",1e-05,0.99989,1e-05,1e-05,1e-05,1e-05,1e-05,1e-05,1e-05,1e-05,1e-05,1e-05
"964",1e-05,1e-05,1e-05,0.119509,1e-05,1e-05,0.84081,1e-05,1e-05,1e-05,1e-05,0.039592
"965",1e-05,0.673957,0.21952,1e-05,1e-05,0.087655,1e-05,1e-05,1e-05,1e-05,1e-05,0.018788
"966",1e-05,0.978442,1e-05,1e-05,1e-05,1e-05,1e-05,1e-05,1e-05,1e-05,1e-05,0.021458
"967",1e-05,0.954932,1e-05,1e-05,1e-05,1e-05,0.044968,1e-05,1e-05,1e-05,1e-05,1e-05
"968",1e-05,0.99989,1e-05,1e-05,1e-05,1e-05,1e-05,1e-05,1e-05,1e-05,1e-05,1e-05
"969",1e-05,0.99989,1e-05,1e-05,1e-05,1e-05,1e-05,1e-05,1e-05,1e-05,1e-05,1e-05
"970",1e-05,0.99989,1e-05,1e-05,1e-05,1e-05,1e-05,1e-05,1e-05,1e-05,1e-05,1e-05
"971",1e-05,0.99989,1e-05,1e-05,1e-05,1e-05,1e-05,1e-05,1e-05,1e-05,1e-05,1e-05
"972",1e-05,0.716894,0.099176,0.058579,1e-05,0.125271,1e-05,1e-05,1e-05,1e-05,1e-05,1e-05
"973",1e-05,0.16678,0.228234,1e-05,1.1e-05,0.591834,1e-05,1e-05,1e-05,1e-05,1e-05,0.01307
"974",1e-05,0.830493,0.060218,1e-05,1e-05,0.059693,0.049516,1e-05,1e-05,1e-05,1e-05,1e-05
"975",0.01598,0.737049,0.191208,1e-05,1e-05,0.055682,1e-05,1e-05,1e-05,1e-05,1e-05,1e-05
"976",1e-05,0.839714,1e-05,1e-05,0.090635,0.069561,1e-05,1e-05,1e-05,1e-05,1e-05,1e-05
"977",1e-05,0.559695,0.236387,1e-05,0.015096,0.149037,0.039715,1e-05,1e-05,1e-05,1e-05,1e-05
"978",1e-05,0.99989,1e-05,1e-05,1e-05,1e-05,1e-05,1e-05,1e-05,1e-05,1e-05,1e-05
"979",0.014948,0.142171,0.207368,0.015928,0.019316,0.571062,1e-05,0.026791,1e-05,0.002376,1e-05,1e-05
"980",1e-05,0.175407,0.158997,1e-05,0.05341,0.573654,1e-05,0.02108,1e-05,1e-05,1e-05,0.017392
"981",1e-05,0.938673,1e-05,1e-05,1e-05,1e-05,0.061227,1e-05,1e-05,1e-05,1e-05,1e-05
"982",1e-05,0.99989,1e-05,1e-05,1e-05,1e-05,1e-05,1e-05,1e-05,1e-05,1e-05,1e-05
"983",1e-05,0.99989,1e-05,1e-05,1e-05,1e-05,1e-05,1e-05,1e-05,1e-05,1e-05,1e-05
"984",1e-05,0.700019,0.129348,1e-05,0.065285,1e-05,0.095631,1e-05,1e-05,1e-05,1e-05,0.009647
"985",1e-05,0.99989,1e-05,1e-05,1e-05,1e-05,1e-05,1e-05,1e-05,1e-05,1e-05,1e-05
"986",1e-05,0.688642,0.228023,1e-05,0.021019,0.062236,1e-05,1e-05,1e-05,1e-05,1e-05,1e-05
"987",1e-05,0.99989,1e-05,1e-05,1e-05,1e-05,1e-05,1e-05,1e-05,1e-05,1e-05,1e-05
"988",1e-05,0.117043,0.320031,1e-05,0.044783,0.475411,0.031398,0.005654,1e-05,1e-05,0.005631,1e-05
"989",1e-05,0.880485,0.033448,0.026698,1e-05,0.045413,1e-05,1e-05,1e-05,1e-05,1e-05,0.013885
"990",1e-05,0.777031,0.169717,0.01813,0.035042,1e-05,1e-05,1e-05,1e-05,1e-05,1e-05,1e-05
"991",1e-05,0.99989,1e-05,1e-05,1e-05,1e-05,1e-05,1e-05,1e-05,1e-05,1e-05,1e-05
"992",1e-05,0.99989,1e-05,1e-05,1e-05,1e-05,1e-05,1e-05,1e-05,1e-05,1e-05,1e-05
"993",1e-05,1e-05,1e-05,1e-05,1e-05,1e-05,0.99989,1e-05,1e-05,1e-05,1e-05,1e-05
"994",1e-05,0.99989,1e-05,1e-05,1e-05,1e-05,1e-05,1e-05,1e-05,1e-05,1e-05,1e-05
"995",1e-05,1e-05,1e-05,1e-05,1e-05,1e-05,0.99989,1e-05,1e-05,1e-05,1e-05,1e-05
"996",1e-05,0.201098,1e-05,0.716326,1e-05,1e-05,0.062865,1e-05,1e-05,1e-05,1e-05,0.019631
"997",1e-05,0.72403,0.132677,1e-05,1e-05,0.143203,1e-05,1e-05,1e-05,1e-05,1e-05,1e-05
"998",1e-05,0.277426,0.112099,1e-05,0.000514,0.587376,1e-05,0.010595,1e-05,1e-05,0.011931,1e-05
"999",1e-05,0.99989,1e-05,1e-05,1e-05,1e-05,1e-05,1e-05,1e-05,1e-05,1e-05,1e-05
"1000",1e-05,0.607849,0.267295,0.024232,0.002591,0.097963,1e-05,1e-05,1e-05,1e-05,1e-05,1e-05
"1001",1e-05,0.999019,1e-05,1e-05,1e-05,1e-05,1e-05,1e-05,1e-05,1e-05,1e-05,0.000881
"1002",1e-05,1e-05,1e-05,1e-05,1e-05,1e-05,0.99989,1e-05,1e-05,1e-05,1e-05,1e-05
"1003",1e-05,0.778132,1e-05,0.001032,0.053597,1e-05,0.118784,1e-05,1e-05,0.018035,0.016236,0.014134
"1004",1e-05,0.74725,0.088328,1e-05,1e-05,0.064315,0.091172,1e-05,1e-05,1e-05,1e-05,0.008865
"1005",1e-05,0.960022,1e-05,1e-05,1e-05,1e-05,0.039878,1e-05,1e-05,1e-05,1e-05,1e-05
"1006",1e-05,0.779439,0.145855,1e-05,0.045397,0.029229,1e-05,1e-05,1e-05,1e-05,1e-05,1e-05
"1007",1e-05,0.856472,0.057866,1e-05,1e-05,0.085572,1e-05,1e-05,1e-05,1e-05,1e-05,1e-05
"1008",1e-05,0.99989,1e-05,1e-05,1e-05,1e-05,1e-05,1e-05,1e-05,1e-05,1e-05,1e-05
"1009",1e-05,1e-05,1e-05,1e-05,1e-05,1e-05,0.99989,1e-05,1e-05,1e-05,1e-05,1e-05
"1010",1e-05,0.99989,1e-05,1e-05,1e-05,1e-05,1e-05,1e-05,1e-05,1e-05,1e-05,1e-05
"1011",1e-05,0.644105,0.186806,0.03199,0.004161,0.10187,0.022153,0.008865,1e-05,1e-05,1e-05,1e-05
"1012",1e-05,0.741289,0.141516,0.023016,1e-05,0.094098,1e-05,1e-05,1e-05,1e-05,1e-05,1e-05
"1013",1e-05,0.755791,0.073743,0.051878,1e-05,0.06975,0.048767,1e-05,1e-05,1.1e-05,1e-05,1e-05
"1014",0.034188,0.28853,0.081826,1e-05,0.336347,0.034014,0.019763,0.034785,0.150085,0.020433,1e-05,1e-05
"1015",1e-05,0.782079,0.190293,1e-05,1e-05,0.027538,1e-05,1e-05,1e-05,1e-05,1e-05,1e-05
"1016",1e-05,0.75245,0.083406,1e-05,1e-05,0.052005,0.092291,1e-05,1e-05,1e-05,1e-05,0.019778
"1017",1e-05,0.770721,0.129763,1e-05,0.088262,1e-05,1e-05,1e-05,1e-05,1e-05,1e-05,0.011174
"1018",1e-05,0.99989,1e-05,1e-05,1e-05,1e-05,1e-05,1e-05,1e-05,1e-05,1e-05,1e-05
"1019",1e-05,0.124544,1e-05,0.87443,1e-05,1e-05,0.000932,1e-05,1.3e-05,1e-05,1e-05,1e-05
"1020",1e-05,0.727322,0.053756,1e-05,0.032399,0.052371,1e-05,0.03482,1e-05,0.099272,1e-05,1e-05
"1021",1e-05,0.99989,1e-05,1e-05,1e-05,1e-05,1e-05,1e-05,1e-05,1e-05,1e-05,1e-05
"1022",1e-05,0.826588,0.054349,1e-05,1e-05,0.099489,1e-05,1e-05,1e-05,1e-05,1e-05,0.019494
"1023",1e-05,0.945478,1e-05,1e-05,1e-05,0.046118,1e-05,1e-05,1e-05,1e-05,1e-05,0.008314
"1024",1e-05,1e-05,1e-05,1e-05,1e-05,1e-05,0.99989,1e-05,1e-05,1e-05,1e-05,1e-05
"1025",1e-05,0.597116,0.194531,0.16135,0.006761,0.040173,1e-05,1e-05,1e-05,1e-05,1e-05,1e-05
"1026",1e-05,0.18038,0.287822,0.428324,1e-05,0.103394,1e-05,1e-05,1e-05,1e-05,1e-05,1e-05
"1027",1e-05,1e-05,1e-05,1e-05,1e-05,0.99989,1e-05,1e-05,1e-05,1e-05,1e-05,1e-05
"1028",1e-05,0.087907,0.173576,1e-05,0.018188,0.707568,1e-05,1e-05,1e-05,1e-05,0.006219,0.006483
"1029",1e-05,0.198308,0.255969,0.437323,0.009611,0.098719,1e-05,1e-05,1e-05,1e-05,1e-05,1e-05
"1030",1e-05,0.076294,0.263356,1e-05,1e-05,0.638679,1e-05,1e-05,1e-05,0.008329,0.013272,1e-05
"1031",1e-05,1e-05,1e-05,1e-05,1e-05,1e-05,1e-05,1e-05,0.99989,1e-05,1e-05,1e-05
"1032",1e-05,1e-05,1e-05,1e-05,1e-05,1e-05,1e-05,1e-05,0.959936,0.039964,1e-05,1e-05
"1033",1e-05,0.05256,0.674601,1e-05,1e-05,0.272749,1e-05,1e-05,1e-05,1e-05,1e-05,1e-05
"1034",1e-05,0.121187,0.655207,1e-05,1e-05,0.223516,1e-05,1e-05,1e-05,1e-05,1e-05,1e-05
"1035",1e-05,1e-05,0.043848,1e-05,1e-05,0.551033,1e-05,1e-05,1e-05,1e-05,1e-05,0.405028
"1036",1e-05,1e-05,1e-05,1e-05,1e-05,0.977329,1e-05,1e-05,1e-05,1e-05,1e-05,0.022571
"1037",0.010708,1e-05,0.218706,1e-05,0.207534,0.229782,1e-05,1e-05,1e-05,0.28938,0.013971,0.029871
"1038",1e-05,0.058383,0.283865,1e-05,0.055787,0.505969,1e-05,1e-05,1e-05,0.070802,1e-05,0.025134
"1039",1e-05,0.146014,0.305563,1e-05,0.013077,0.513179,1e-05,1.7e-05,1e-05,1e-05,1e-05,0.02209
"1040",1e-05,0.129728,0.275648,1e-05,0.119905,0.452525,1e-05,1e-05,1e-05,0.022124,1e-05,1e-05
"1041",1e-05,0.046079,0.75947,1e-05,1e-05,0.194361,1e-05,1e-05,1e-05,1e-05,1e-05,1e-05
"1042",1e-05,0.021974,0.540178,1e-05,1e-05,0.381326,1e-05,0.033103,1e-05,1e-05,0.001634,0.021725
"1043",1e-05,1e-05,1e-05,1e-05,1e-05,1e-05,1e-05,1e-05,0.99989,1e-05,1e-05,1e-05
"1044",1e-05,0.102431,0.03656,1e-05,1e-05,0.548139,1e-05,1e-05,1e-05,1e-05,0.012453,0.300347
"1045",0.405326,1e-05,0.421416,1e-05,1e-05,1e-05,1e-05,1e-05,0.139863,1e-05,0.02165,0.011676
"1046",1e-05,0.085447,0.376137,0.357304,1e-05,0.171932,1e-05,1e-05,1e-05,1e-05,1e-05,0.009109
"1047",1e-05,1e-05,1e-05,1e-05,1e-05,0.99989,1e-05,1e-05,1e-05,1e-05,1e-05,1e-05
"1048",1e-05,0.002955,0.100119,1e-05,1e-05,0.876198,1e-05,1e-05,1e-05,1e-05,1e-05,0.020648
"1049",0.083731,1e-05,0.15383,1e-05,0.1603,1e-05,0.426448,0.121231,0.054401,1e-05,1e-05,1e-05
"1050",1e-05,1e-05,0.231058,1e-05,0.026387,0.742465,1e-05,1e-05,1e-05,1e-05,1e-05,1e-05
"1051",1e-05,0.93437,1e-05,1e-05,0.005962,1e-05,0.059578,1e-05,1e-05,1e-05,1e-05,1e-05
"1052",1e-05,0.25951,1e-05,0.707132,1e-05,1e-05,0.033267,1e-05,1e-05,1e-05,1e-05,1e-05
"1053",1e-05,1e-05,1e-05,1e-05,1e-05,1e-05,0.99989,1e-05,1e-05,1e-05,1e-05,1e-05
"1054",1e-05,0.507341,0.398848,1e-05,1e-05,0.087033,1e-05,1e-05,1e-05,1e-05,1e-05,0.006699
"1055",1e-05,0.248183,1e-05,0.68041,1e-05,0.001113,0.031301,1e-05,1e-05,1e-05,1e-05,0.038923
"1056",1e-05,1e-05,1e-05,1e-05,1e-05,1e-05,0.99989,1e-05,1e-05,1e-05,1e-05,1e-05
"1057",1e-05,0.733312,0.08749,1e-05,1e-05,0.026673,0.068522,0.021098,0.046888,1e-05,0.015965,1e-05
"1058",1e-05,0.556491,0.39763,1e-05,1e-05,0.035492,1e-05,1e-05,1e-05,1e-05,1e-05,0.010307
"1059",1e-05,0.911614,1e-05,1e-05,0.088286,1e-05,1e-05,1e-05,1e-05,1e-05,1e-05,1e-05
"1060",0.99989,1e-05,1e-05,1e-05,1e-05,1e-05,1e-05,1e-05,1e-05,1e-05,1e-05,1e-05
"1061",0.99989,1e-05,1e-05,1e-05,1e-05,1e-05,1e-05,1e-05,1e-05,1e-05,1e-05,1e-05
"1062",0.99989,1e-05,1e-05,1e-05,1e-05,1e-05,1e-05,1e-05,1e-05,1e-05,1e-05,1e-05
"1063",0.95407,1e-05,1.8e-05,1e-05,1e-05,1e-05,1e-05,0.045822,1e-05,1e-05,1e-05,1e-05
"1064",0.964626,1e-05,1e-05,1e-05,1e-05,1e-05,1e-05,1e-05,0.035274,1e-05,1e-05,1e-05
"1065",0.999882,1e-05,1e-05,1e-05,1e-05,1e-05,1e-05,1e-05,1.8e-05,1e-05,1e-05,1e-05
"1066",0.974471,1e-05,1e-05,1e-05,1e-05,1e-05,1e-05,0.025429,1e-05,1e-05,1e-05,1e-05
"1067",0.99989,1e-05,1e-05,1e-05,1e-05,1e-05,1e-05,1e-05,1e-05,1e-05,1e-05,1e-05
"1068",0.901194,1e-05,1e-05,1e-05,1e-05,1e-05,1e-05,1e-05,0.098706,1e-05,1e-05,1e-05
"1069",1e-05,1e-05,0.383944,0.573769,0.017041,0.025165,1e-05,1e-05,1e-05,1e-05,1e-05,1e-05
"1070",1e-05,0.009142,0.07017,0.848469,1e-05,0.07214,1e-05,1e-05,1e-05,1e-05,1e-05,1e-05
"1071",1e-05,1e-05,0.002238,0.992799,1e-05,0.004873,1e-05,1e-05,1e-05,1e-05,1e-05,1e-05
"1072",1e-05,1e-05,0.034783,0.932649,1e-05,0.032478,1e-05,1e-05,1e-05,1e-05,1e-05,1e-05
"1073",1e-05,0.025231,0.30734,0.590284,1e-05,0.077065,1e-05,1e-05,1e-05,1e-05,1e-05,1e-05
"1074",1e-05,1e-05,0.173137,0.794598,1e-05,1e-05,1e-05,1e-05,1e-05,1e-05,1e-05,0.032175
"1075",1e-05,1e-05,0.134345,0.802477,1e-05,0.063088,1e-05,1e-05,1e-05,1e-05,1e-05,1e-05
"1076",1e-05,1e-05,0.1013,1e-05,1e-05,1e-05,1e-05,0.410969,0.453807,1e-05,1e-05,0.033844
"1077",1e-05,1e-05,0.133476,1e-05,1e-05,0.014887,1e-05,0.603003,0.248554,1e-05,1e-05,1e-05
"1078",1e-05,1e-05,0.169639,1e-05,1e-05,1e-05,1e-05,0.563063,0.267207,1e-05,1e-05,1e-05
"1079",1e-05,1e-05,1e-05,1e-05,1e-05,1e-05,1e-05,0.99989,1e-05,1e-05,1e-05,1e-05
"1080",1e-05,1e-05,1e-05,1e-05,1e-05,1e-05,1e-05,0.99989,1e-05,1e-05,1e-05,1e-05
"1081",1e-05,1e-05,1e-05,1e-05,1e-05,1e-05,1e-05,0.99989,1e-05,1e-05,1e-05,1e-05
"1082",1e-05,1e-05,0.346202,0.064507,0.002583,0.04204,1e-05,0.291476,0.249185,1e-05,1e-05,0.003956
"1083",0.03326,1e-05,1e-05,1e-05,1e-05,1e-05,1e-05,0.702176,0.264474,1e-05,1e-05,1e-05
"1084",0.016063,0.002031,0.204049,1e-05,1e-05,0.04344,1e-05,0.576823,0.157533,1e-05,1e-05,1e-05
"1085",1e-05,1e-05,0.216547,0.743493,1e-05,0.010777,1e-05,1e-05,1e-05,1e-05,1e-05,0.029103
"1086",1e-05,1e-05,0.155494,0.844406,1e-05,1e-05,1e-05,1e-05,1e-05,1e-05,1e-05,1e-05
"1087",1e-05,1e-05,0.149563,0.850337,1e-05,1e-05,1e-05,1e-05,1e-05,1e-05,1e-05,1e-05
"1088",1e-05,1e-05,0.343287,0.417605,1e-05,0.232781,1.6e-05,1e-05,1e-05,1.2e-05,1e-05,0.006239
"1089",1.9e-05,1e-05,0.291824,0.500957,1e-05,0.20712,1e-05,1e-05,1e-05,1e-05,1e-05,1e-05
"1090",0.206027,1e-05,0.251011,0.419258,1e-05,0.04722,1e-05,1e-05,0.046588,1e-05,1e-05,0.029836
"1091",0.023362,1e-05,0.122783,0.72661,0.016747,1e-05,1e-05,1e-05,0.098874,1e-05,0.011564,1e-05
"1092",0.028574,1e-05,0.069938,0.651215,0.013344,1e-05,1e-05,1e-05,0.23686,1e-05,1e-05,1e-05
"1093",0.122503,1e-05,0.128352,0.68802,1e-05,1e-05,0.010012,0.049658,1e-05,1e-05,0.001395,1e-05
"1094",1e-05,1e-05,1e-05,0.99989,1e-05,1e-05,1e-05,1e-05,1e-05,1e-05,1e-05,1e-05
"1095",1e-05,1e-05,1e-05,0.99989,1e-05,1e-05,1e-05,1e-05,1e-05,1e-05,1e-05,1e-05
"1096",0.38792,1e-05,0.004823,0.506778,1e-05,1e-05,1e-05,0.01605,0.084359,1e-05,1e-05,1e-05
"1097",0.005411,1e-05,0.722868,1.5e-05,1e-05,1e-05,1e-05,1e-05,0.271626,1e-05,1e-05,1e-05
"1098",1e-05,1e-05,0.999787,1e-05,1e-05,1e-05,1e-05,1e-05,1e-05,1e-05,1e-05,0.000113
"1099",1e-05,1e-05,0.997771,1e-05,1e-05,1e-05,1e-05,1e-05,0.002129,1e-05,1e-05,1e-05
"1100",1e-05,1e-05,0.920592,1e-05,1e-05,1e-05,1e-05,1e-05,1e-05,0.071806,1e-05,0.007511
"1101",1e-05,1e-05,0.99989,1e-05,1e-05,1e-05,1e-05,1e-05,1e-05,1e-05,1e-05,1e-05
"1102",1e-05,1e-05,0.322964,1e-05,0.097151,0.469718,1e-05,1e-05,1e-05,0.062553,0.030771,0.016783
"1103",1e-05,1e-05,0.120081,1e-05,1e-05,0.852023,1e-05,1e-05,1e-05,1e-05,1e-05,0.027807
"1104",0.290688,1e-05,0.202997,0.376813,1e-05,1.3e-05,1e-05,1e-05,0.115574,1e-05,1e-05,0.013855
"1105",0.106311,1e-05,0.139001,0.035207,1e-05,1e-05,1e-05,1e-05,0.719402,1e-05,1e-05,1e-05
"1106",0.06448,1e-05,0.039169,0.720488,0.070937,1e-05,0.024521,1e-05,0.080345,1e-05,1e-05,1e-05
"1107",0.99989,1e-05,1e-05,1e-05,1e-05,1e-05,1e-05,1e-05,1e-05,1e-05,1e-05,1e-05
"1108",0.99989,1e-05,1e-05,1e-05,1e-05,1e-05,1e-05,1e-05,1e-05,1e-05,1e-05,1e-05
"1109",0.99989,1e-05,1e-05,1e-05,1e-05,1e-05,1e-05,1e-05,1e-05,1e-05,1e-05,1e-05
"1110",0.993776,1e-05,0.006114,1e-05,1e-05,1e-05,1e-05,2e-05,1e-05,1e-05,1e-05,1e-05
"1111",1e-05,1e-05,1e-05,0.99989,1e-05,1e-05,1e-05,1e-05,1e-05,1e-05,1e-05,1e-05
"1112",1e-05,1e-05,1e-05,0.99989,1e-05,1e-05,1e-05,1e-05,1e-05,1e-05,1e-05,1e-05
"1113",1e-05,1.1e-05,1.1e-05,0.999888,1e-05,1e-05,1e-05,1e-05,1e-05,1e-05,1e-05,1e-05
"1114",0.99989,1e-05,1e-05,1e-05,1e-05,1e-05,1e-05,1e-05,1e-05,1e-05,1e-05,1e-05
"1115",0.0226,1e-05,0.212188,0.028817,1e-05,1e-05,1e-05,1e-05,0.736315,1e-05,1e-05,1e-05
"1116",1e-05,1e-05,1e-05,0.000189,1e-05,1e-05,1e-05,1e-05,0.90205,0.097671,1e-05,1e-05
"1117",1e-05,1e-05,1e-05,1e-05,1e-05,1e-05,1e-05,1e-05,0.99989,1e-05,1e-05,1e-05
"1118",1e-05,1e-05,0.829682,1e-05,1e-05,1e-05,1e-05,1e-05,0.136148,1e-05,1e-05,0.03408
"1119",1e-05,0.02489,0.094223,1e-05,0.400703,1e-05,1e-05,0.079272,0.234041,0.014304,0.150691,0.001836
"1120",1e-05,0.067532,0.760258,1e-05,1e-05,0.012273,1e-05,1e-05,0.154214,1e-05,1e-05,0.005653
"1121",0.775547,0.077138,1e-05,1e-05,1e-05,1e-05,0.004582,0.02866,1e-05,1e-05,0.109162,0.004852
"1122",0.767034,0.084329,1e-05,1e-05,1e-05,1e-05,1.1e-05,0.016428,1e-05,0.002291,0.129846,1e-05
"1123",0.763784,0.039299,1e-05,0.0148,1e-05,1e-05,0.028752,0.004066,1e-05,0.06216,0.087088,1e-05
"1124",0.778391,0.062989,1e-05,0.028475,1e-05,1e-05,0.013889,1e-05,1e-05,0.034048,0.082148,1e-05
"1125",0.673885,1e-05,1e-05,1e-05,1e-05,1e-05,1e-05,1e-05,0.078653,0.233818,0.006677,0.006897
"1126",0.618725,1e-05,1e-05,0.015666,0.124124,1e-05,1e-05,1e-05,1e-05,0.178541,0.05164,0.011244
"1127",0.773759,0.01114,1e-05,1e-05,1e-05,0.013448,0.028127,0.042699,1e-05,0.034807,0.095971,1e-05
"1128",1e-05,1e-05,1e-05,1e-05,0.037961,0.030838,1e-05,1e-05,0.93022,1e-05,1e-05,0.000902
"1129",1e-05,1e-05,1e-05,1e-05,1e-05,1e-05,1e-05,1e-05,0.99989,1e-05,1e-05,1e-05
"1130",1e-05,1e-05,1e-05,0.004016,1e-05,1e-05,1e-05,1e-05,0.995884,1e-05,1e-05,1e-05
"1131",0.767879,0.05425,1e-05,1e-05,1e-05,1e-05,1e-05,1e-05,1e-05,0.021371,0.137862,0.018569
"1132",0.87564,1e-05,1e-05,1e-05,1e-05,1e-05,1e-05,1e-05,1e-05,0.04804,0.07623,1e-05
"1133",1e-05,1e-05,1e-05,1e-05,1e-05,1e-05,1e-05,1e-05,0.99989,1e-05,1e-05,1e-05
"1134",1e-05,1e-05,1e-05,1e-05,1e-05,1e-05,1e-05,1e-05,0.99989,1e-05,1e-05,1e-05
"1135",1e-05,1e-05,1e-05,1e-05,1e-05,1e-05,1e-05,1e-05,0.99989,1e-05,1e-05,1e-05
