"","V1","V2","V3","tg_ecotypeid","latitude","longitude"
"1",0.990429,0.009561,1e-05,88,47.4,0.683333
"2",0.98545,0.01454,1e-05,108,48.5167,-4.06667
"3",0.971234,0.028756,1e-05,139,48.5167,-4.06667
"4",0.81331,0.024208,0.162482,159,47.35,3.93333
"5",0.583088,0.054262,0.36265,265,44.65,-1.16667
"6",0.868812,0.038896,0.092292,350,46.6667,4.11667
"7",0.995492,0.004498,1e-05,351,46.6667,4.11667
"8",0.017711,1e-05,0.982279,403,49.3667,16.2667
"9",0.057695,1e-05,0.942295,410,49.4211,16.3497
"10",1e-05,0.008956,0.991034,424,49.4112,16.2815
"11",1e-05,1e-05,0.99998,428,49.403,16.232
"12",0.086187,0.002256,0.911557,430,47,15.5
"13",1e-05,0.99998,1e-05,470,40.8313,-87.735
"14",1e-05,0.99998,1e-05,476,40.8313,-87.735
"15",1e-05,0.99998,1e-05,484,40.8313,-87.735
"16",1e-05,0.99998,1e-05,504,40.8313,-87.735
"17",1e-05,0.99998,1e-05,506,40.8313,-87.735
"18",1e-05,0.99998,1e-05,531,40.8313,-87.735
"19",1e-05,0.99998,1e-05,544,40.9076,-73.2089
"20",1e-05,0.99998,1e-05,546,40.9076,-73.2089
"21",0.794763,0.09921,0.106027,628,40.7777,-72.9069
"22",0.902844,0.040588,0.056567,630,40.7777,-72.9069
"23",1e-05,0.99998,1e-05,680,40.9447,-72.8615
"24",1e-05,0.99998,1e-05,681,40.9447,-72.8615
"25",1e-05,0.99998,1e-05,685,40.9064,-73.1493
"26",1e-05,0.99998,1e-05,687,40.9064,-73.1493
"27",1e-05,0.99998,1e-05,728,40.9352,-73.114
"28",1e-05,0.99998,1e-05,742,40.9352,-73.114
"29",1e-05,1e-05,0.99998,763,42.3,74.3667
"30",1e-05,1e-05,0.99998,765,42.1833,73.4
"31",1e-05,1e-05,0.99998,766,42.5833,73.6333
"32",1e-05,1e-05,0.99998,768,42.8,76.35
"33",1e-05,0.002909,0.997081,772,37.35,72.4667
"34",0.555972,0.108196,0.335833,801,37.9169,-84.4639
"35",1e-05,0.99998,1e-05,853,41.7976,-86.6691
"36",1e-05,0.99998,1e-05,854,41.7976,-86.6691
"37",1e-05,0.99998,1e-05,867,41.8266,-86.4366
"38",1e-05,0.99998,1e-05,868,41.8266,-86.4366
"39",0.311259,0.688731,1e-05,870,41.8266,-86.4366
"40",0.49192,0.015226,0.492853,915,41.8972,-71.4378
"41",0.71939,0.2806,1e-05,932,42.3634,-71.1445
"42",0.217038,0.056214,0.726747,991,55.3833,14.05
"43",0.122036,0.048534,0.82943,992,55.3833,14.05
"44",0.151156,0.063084,0.78576,997,55.3833,14.05
"45",0.075715,0.087955,0.836331,1002,55.3833,14.05
"46",0.20235,0.088618,0.709032,1006,55.3833,14.05
"47",0.203502,0.06336,0.733138,1061,55.7167,14.1333
"48",0.009593,0.05192,0.938486,1062,55.7167,14.1333
"49",0.158441,0.0439,0.797659,1063,55.7167,14.1333
"50",0.100598,0.051211,0.848191,1066,55.7167,14.1333
"51",0.122137,0.007881,0.869982,1070,55.7167,14.1333
"52",0.136605,0.046844,0.816551,1158,56.7,16.5167
"53",0.119601,0.051679,0.828721,1166,56.7,16.5167
"54",0.039417,0.030707,0.929877,1254,59.4333,17.0167
"55",0.071279,0.013305,0.915416,1257,59.4333,17.0167
"56",0.108298,0.071029,0.820674,1313,59.5667,16.8667
"57",0.087348,0.065327,0.847325,1317,59.5667,16.8667
"58",1e-05,1e-05,0.99998,1552,63.0833,18.3667
"59",1e-05,0.99998,1e-05,1612,41.9,-86.583
"60",1e-05,0.99998,1e-05,1622,41.9,-86.583
"61",1e-05,0.99998,1e-05,1651,43.3431,-86.4045
"62",1e-05,0.99998,1e-05,1652,43.3431,-86.4045
"63",1e-05,0.99998,1e-05,1676,41.879,-86.607
"64",1e-05,0.99998,1e-05,1684,41.879,-86.607
"65",1e-05,0.99998,1e-05,1739,42.405,-85.398
"66",1e-05,0.99998,1e-05,1741,42.405,-85.398
"67",1e-05,0.99998,1e-05,1756,42.184,-86.358
"68",1e-05,0.99998,1e-05,1757,42.184,-86.358
"69",1e-05,0.99998,1e-05,1793,41.847,-86.67
"70",1e-05,0.99998,1e-05,1797,41.847,-86.67
"71",1e-05,0.99998,1e-05,1819,41.8,-86.67
"72",1e-05,0.99998,1e-05,1820,41.8,-86.67
"73",0.247419,0.575896,0.176685,1829,42.051,-86.509
"74",1e-05,0.99998,1e-05,1834,42.051,-86.509
"75",1e-05,0.99998,1e-05,1835,42.051,-86.509
"76",1e-05,0.99998,1e-05,1851,43.595,-86.2657
"77",0.075138,0.924852,1e-05,1852,43.595,-86.2657
"78",0.216823,0.741202,0.041975,1853,43.595,-86.2657
"79",0.227121,0.690606,0.082273,1872,43.595,-86.2657
"80",1e-05,1e-05,0.99998,1890,43.5139,-86.1859
"81",0.067286,0.478322,0.454392,1925,43.5251,-86.1843
"82",1e-05,0.99998,1e-05,1942,43.5251,-86.1843
"83",1e-05,0.99998,1e-05,1943,43.5251,-86.1843
"84",0.193199,0.466275,0.340526,1954,43.5187,-86.1739
"85",0.345604,0.023287,0.631109,2016,43.5356,-86.1788
"86",1e-05,0.99998,1e-05,2017,43.5356,-86.1788
"87",1e-05,0.99998,1e-05,2031,42.166,-86.412
"88",1e-05,0.99998,1e-05,2053,42.166,-86.412
"89",0.219624,0.780366,1e-05,2057,42.166,-86.412
"90",1e-05,0.99998,1e-05,2081,43.2483,-86.3368
"91",1e-05,0.99998,1e-05,2091,43.2483,-86.3368
"92",1e-05,0.99998,1e-05,2106,43.2749,-86.0891
"93",1e-05,0.99998,1e-05,2108,43.2749,-86.0891
"94",1e-05,0.99998,1e-05,2141,43.2749,-86.0891
"95",1e-05,0.99998,1e-05,2159,42.148,-86.431
"96",1e-05,0.99998,1e-05,2166,42.148,-86.431
"97",0.524936,0.1524,0.322664,2171,42.148,-86.431
"98",1e-05,0.99998,1e-05,2191,43.7623,-86.3929
"99",1e-05,0.039885,0.960105,2202,43.7623,-86.3929
"100",1e-05,0.99998,1e-05,2212,43.7623,-86.3929
"101",1e-05,0.99998,1e-05,2239,42.184,-86.382
"102",1e-05,0.99998,1e-05,2240,42.184,-86.382
"103",0.612232,0.387758,1e-05,2276,43.665,-86.496
"104",0.416521,0.583469,1e-05,2278,43.665,-86.496
"105",1e-05,0.99998,1e-05,2285,43.665,-86.496
"106",1e-05,0.99998,1e-05,2286,43.665,-86.496
"107",0.833494,0.042898,0.123608,2317,42.03,-86.514
"108",1e-05,0.99998,1e-05,2370,41.865,-86.646
"109",1e-05,0.99998,1e-05,2412,41.865,-86.646
"110",0.935338,0.064652,1e-05,4779,50.4,-4.9
"111",0.729826,0.087012,0.183161,4807,50.4,-4.9
"112",0.966943,0.033047,1e-05,4826,50.4,-4.9
"113",0.955905,0.044085,1e-05,4840,50.4,-4.9
"114",0.951909,0.048081,1e-05,4857,50.3,-4.9
"115",0.958753,0.041237,1e-05,4884,50.3,-4.9
"116",0.981209,0.018781,1e-05,4900,50.3,-4.8
"117",0.934288,0.065702,1e-05,4939,50.4,-4.7
"118",0.800465,0.041882,0.157652,4958,50.5,-4.5
"119",0.978563,0.021427,1e-05,5023,51.3,0.5
"120",0.230543,0.024864,0.744593,5104,51.3,0.5
"121",0.758169,0.094786,0.147045,5151,52.2,-1.7
"122",0.731909,0.054631,0.21346,5165,51.3,0.4
"123",0.761786,0.026845,0.21137,5210,51.2,0.3
"124",0.958272,0.041718,1e-05,5236,51.2,0.4
"125",0.926766,0.073224,1e-05,5249,51.2,0.3
"126",0.986992,0.012998,1e-05,5253,51.1,0.6
"127",0.965217,0.034773,1e-05,5276,51.3,1.1
"128",0.907171,0.092819,1e-05,5279,51.3,1.1
"129",0.753251,0.060148,0.1866,5349,51.1,0.4
"130",0.966004,0.033986,1e-05,5353,54.5,-3
"131",0.949234,0.050756,1e-05,5395,54.4,-3
"132",0.182765,0.022956,0.794279,5486,54.6,-3.3
"133",0.992568,0.007422,1e-05,5577,54.7,-3.4
"134",0.923764,0.035871,0.040365,5644,54.4,-2.9
"135",0.949377,0.050613,1e-05,5651,54.4,-2.9
"136",0.929367,0.070623,1e-05,5717,54.6,-3.2
"137",0.954841,0.045149,1e-05,5718,57,-3.4
"138",0.681783,0.085698,0.232518,5720,53.3,-1.6
"139",0.995798,0.004192,1e-05,5726,51.3,1.1
"140",0.690443,0.068746,0.24081,5741,56.6,-4.1
"141",0.519498,0.111132,0.36937,5748,56,-4.4
"142",0.286483,0.022884,0.690633,5757,54.6,-2.3
"143",0.747258,0.033922,0.21882,5768,54.1,-1.5
"144",0.722841,0.007471,0.269688,5772,54.1,-2.3
"145",0.949837,0.050153,1e-05,5776,52.9,-1.3
"146",0.888877,0.035934,0.075189,5779,51,-3.1
"147",0.554354,0.017795,0.427851,5784,56.4,-5.2
"148",0.934717,0.065273,1e-05,5798,53.1,-3.3
"149",0.57296,0.044299,0.38274,5800,57.4,-5.5
"150",0.826098,0.073488,0.100414,5811,52.9,-3.1
"151",0.284517,0.06502,0.650464,5822,56.7333,-5.98333
"152",0.171601,0.031613,0.796786,5830,56.3333,15.9667
"153",0.152332,0.039538,0.80813,5831,56.3333,15.9667
"154",0.141929,0.069241,0.78883,5832,56.3333,15.9667
"155",0.034005,0.039727,0.926268,5836,55.86,13.51
"156",0.048268,0.004824,0.946908,5837,49.4013,16.2326
"157",1e-05,1e-05,0.99998,5856,63.0167,17.4914
"158",1e-05,0.034697,0.965293,5860,62.6814,18.0165
"159",0.156597,0.035351,0.808052,5865,55.76,14.12
"160",0.060239,0.013008,0.926753,5867,55.76,14.12
"161",0.06198,1e-05,0.93801,5874,49.4112,16.2815
"162",0.064438,1e-05,0.935552,5890,49.4112,16.2815
"163",0.065064,0.00922,0.925716,5893,49.4112,16.2815
"164",0.071653,0.006577,0.92177,5907,49.4112,16.2815
"165",0.161649,1e-05,0.838341,5921,49.4112,16.2815
"166",0.120232,1e-05,0.879758,5950,49.4112,16.2815
"167",0.191693,1e-05,0.808297,5984,49.4112,16.2815
"168",1e-05,0.002443,0.997547,5993,49.4112,16.2815
"169",0.047993,0.009187,0.94282,6008,49.1,16.2
"170",1e-05,1e-05,0.99998,6009,62.877,18.177
"171",1e-05,0.005417,0.994573,6010,62.877,18.177
"172",1e-05,1e-05,0.99998,6011,62.877,18.177
"173",1e-05,1e-05,0.99998,6012,62.877,18.177
"174",1e-05,1e-05,0.99998,6013,62.877,18.177
"175",1e-05,1e-05,0.99998,6016,62.9,18.4
"176",1e-05,1e-05,0.99998,6017,62.9,18.4
"177",0.246757,0.046727,0.706517,6019,56.06,14.29
"178",0.234936,0.022702,0.742362,6020,56.06,14.29
"179",0.155389,0.009098,0.835513,6021,56.06,14.29
"180",0.210359,0.026512,0.76313,6022,56.06,14.29
"181",1e-05,0.034236,0.965754,6023,55.7509,13.3712
"182",0.009817,0.044345,0.945837,6024,55.7509,13.3712
"183",1e-05,1e-05,0.99998,6025,62.6437,17.7339
"184",1e-05,0.017889,0.982101,6030,62.806,18.1896
"185",0.078681,0.089657,0.831662,6034,56.1,13.74
"186",0.166764,0.028971,0.804265,6035,56.1,13.74
"187",0.177374,0.074762,0.747863,6036,56.1,13.74
"188",0.150954,0.061405,0.787641,6038,56.1,13.74
"189",0.107319,0.037402,0.85528,6039,56.1,13.74
"190",0.044576,0.035449,0.919975,6040,55.66,13.4
"191",0.215033,0.065057,0.71991,6041,56.0328,14.775
"192",0.140258,0.054997,0.804746,6042,56.09,13.9
"193",1e-05,1e-05,0.99998,6043,62.801,18.079
"194",1e-05,1e-05,0.99998,6046,62.801,18.079
"195",1e-05,1e-05,0.99998,6064,62.9513,18.2763
"196",1e-05,1e-05,0.99998,6069,62.9513,18.2763
"197",1e-05,1e-05,0.99998,6070,62.9308,18.3448
"198",1e-05,1e-05,0.99998,6071,62.9308,18.3448
"199",0.252904,0.031212,0.715884,6073,56.1481,15.8155
"200",0.233771,0.040103,0.726127,6074,56.4573,16.1308
"201",0.245964,0.016816,0.73722,6076,55.6942,13.4504
"202",0.051708,0.035245,0.913046,6077,55.6942,13.4504
"203",0.080246,0.057784,0.86197,6085,55.7097,13.2145
"204",0.253196,0.066442,0.680362,6086,58.9,11.2
"205",0.178533,0.07584,0.745627,6087,56.4666,16.1284
"206",0.216601,0.050247,0.733152,6088,56.4666,16.1284
"207",0.060752,0.014537,0.924711,6090,55.6525,13.2197
"208",1e-05,0.037781,0.962209,6091,55.6525,13.215
"209",0.116385,0.048844,0.834771,6092,55.6514,13.2233
"210",0.207034,0.04211,0.750857,6094,55.6494,13.2147
"211",0.057691,0.041364,0.900945,6095,55.6486,13.2161
"212",0.032799,0.044134,0.923067,6096,55.6472,13.2225
"213",0.059702,0.059286,0.881012,6097,55.6481,13.2264
"214",0.21827,0.081549,0.70018,6098,55.6561,13.2178
"215",0.251818,0.07174,0.676442,6099,55.6575,13.2386
"216",0.135798,0.027631,0.836571,6100,55.6,13.2
"217",0.269977,0.027028,0.702995,6101,55.6,13.2
"218",0.157291,0.037155,0.805554,6102,55.6,13.2
"219",0.046414,0.027642,0.925943,6104,55.7,13.2
"220",0.183565,0.022549,0.793886,6105,55.7967,13.1211
"221",0.078789,0.029864,0.891347,6106,55.7931,13.1186
"222",0.094697,0.021171,0.884132,6107,55.7942,13.1222
"223",0.8648,0.053134,0.082066,6108,55.7989,13.1206
"224",0.033685,0.077883,0.888432,6109,55.7936,13.1233
"225",0.087256,0.053443,0.8593,6111,55.7989,13.1219
"226",0.101881,0.07476,0.823359,6112,55.7967,13.1044
"227",0.114341,0.049339,0.83632,6113,55.8078,13.1028
"228",0.076184,0.03229,0.891526,6114,55.8097,13.1342
"229",0.064494,0.029875,0.905631,6115,55.8,13.1367
"230",1e-05,0.044691,0.955299,6118,55.7,13.2
"231",0.189934,0.048309,0.761758,6119,55.7,13.2
"232",0.080923,0.036514,0.882564,6122,55.8364,13.3075
"233",0.071464,0.046735,0.881801,6123,55.8369,13.3033
"234",0.132907,0.046858,0.820234,6124,55.8378,13.3092
"235",0.004389,0.025023,0.970588,6125,55.8403,13.3106
"236",0.039592,0.052559,0.907849,6126,55.8411,13.3047
"237",0.108515,0.06312,0.828365,6128,55.8397,13.2881
"238",0.060721,0.036445,0.902834,6131,55.8369,13.3181
"239",1e-05,0.048731,0.951259,6132,55.8386,13.3186
"240",1e-05,1e-05,0.99998,6133,55.8364,13.2906
"241",0.164472,0.042465,0.793063,6134,55.8383,13.2906
"242",1e-05,0.007783,0.992207,6136,55.9336,13.5519
"243",1e-05,0.039125,0.960865,6137,55.9419,13.5603
"244",1e-05,0.03338,0.96661,6138,55.9403,13.5511
"245",0.122289,0.044614,0.833096,6140,55.9392,13.5539
"246",0.153492,0.053795,0.792713,6141,55.9414,13.5542
"247",0.046485,0.027387,0.926128,6142,55.9428,13.5558
"248",0.022121,0.029382,0.948498,6145,55.9497,13.5533
"249",0.102117,0.031986,0.865897,6148,55.9319,13.5508
"250",0.04689,0.07012,0.882989,6149,55.9281,13.5481
"251",0.048815,0.043469,0.907715,6150,55.9261,13.5319
"252",0.376039,0.072284,0.551677,6151,55.6528,13.2244
"253",1e-05,1e-05,0.99998,6153,62.6425,17.7422
"254",1e-05,0.011955,0.988035,6154,62.6422,17.7406
"255",1e-05,0.007735,0.992255,6163,62.6425,17.7356
"256",1e-05,0.01108,0.98891,6166,62.6425,17.7372
"257",1e-05,1e-05,0.99998,6169,62.8714,18.3447
"258",1e-05,1e-05,0.99998,6172,62.8717,18.3436
"259",1e-05,1e-05,0.99998,6173,62.8717,18.3419
"260",1e-05,1e-05,0.99998,6174,62.8719,18.3422
"261",1e-05,0.011775,0.988215,6177,62.6322,17.69
"262",0.562665,0.04208,0.395255,6180,62.6322,17.6906
"263",1e-05,0.049274,0.950716,6184,62.8892,18.4522
"264",0.118347,0.037572,0.844081,6188,55.7683,14.1386
"265",0.14316,0.066121,0.790719,6189,55.7686,14.1383
"266",0.208203,0.058118,0.733679,6191,55.7689,14.1375
"267",0.205058,0.120512,0.674431,6192,55.7692,14.1369
"268",0.252862,0.059591,0.687546,6193,55.7694,14.1347
"269",0.14093,0.109045,0.750025,6194,55.7706,14.1342
"270",0.124564,0.043195,0.832241,6195,55.7708,14.1342
"271",0.124532,0.043657,0.831811,6198,55.7708,14.1331
"272",0.162035,0.058456,0.779509,6201,55.7719,14.1211
"273",0.176124,0.056466,0.76741,6202,55.7717,14.1206
"274",0.14805,0.036728,0.815222,6203,55.7714,14.1208
"275",1e-05,1e-05,0.99998,6209,62.8836,18.1842
"276",1e-05,1e-05,0.99998,6210,62.8839,18.1836
"277",1e-05,1e-05,0.99998,6214,63.0175,18.3281
"278",1e-05,0.015694,0.984296,6216,63.0167,18.3283
"279",1e-05,1e-05,0.99998,6217,63.0169,18.3283
"280",1e-05,0.002471,0.997519,6218,63.0172,18.3283
"281",1e-05,0.052376,0.947614,6220,62.806,18.1896
"282",1e-05,0.003533,0.996457,6221,62.806,18.1896
"283",1e-05,1e-05,0.99998,6231,62.96,18.2844
"284",1e-05,1e-05,0.99998,6235,62.9611,18.3589
"285",1e-05,1e-05,0.99998,6237,62.9619,18.35
"286",1e-05,1e-05,0.99998,6238,62.9619,18.35
"287",1e-05,1e-05,0.99998,6240,62.9622,18.35
"288",1e-05,1e-05,0.99998,6241,62.9614,18.3608
"289",0.222425,0.102491,0.675085,6242,55.7,13.2
"290",0.178421,0.008114,0.813465,6243,56.27373,13.90045
"291",1e-05,0.005486,0.994504,6244,62.9169,18.4728
"292",0.144318,0.09606,0.759622,6252,55.5796,14.3336
"293",0.099245,0.079923,0.820832,6255,55.5796,14.334
"294",0.222745,0.064406,0.712849,6258,55.5796,14.3336
"295",0.096734,0.100659,0.802607,6268,55.5796,14.3336
"296",0.115013,0.094775,0.790212,6276,55.5796,14.3336
"297",0.155311,0.050015,0.794673,6284,55.5796,14.3336
"298",0.035817,0.011053,0.953131,6296,49.2771,16.6314
"299",0.10239,1e-05,0.8976,6390,49.2771,16.6314
"300",0.044155,0.004912,0.950933,6396,49.2771,16.6314
"301",0.102543,0.029128,0.868328,6413,56.06,13.97
"302",0.117086,1e-05,0.882904,6424,49.3853,16.2544
"303",1e-05,1e-05,0.99998,6434,49.3853,16.2544
"304",0.105837,1e-05,0.894153,6445,49.3853,16.2544
"305",0.925132,1e-05,0.074858,6680,51.85,6.4333
"306",1e-05,0.99998,1e-05,6739,40.8585,-73.4675
"307",1e-05,0.99998,1e-05,6740,40.8585,-73.4675
"308",0.570781,0.320182,0.109038,6744,40.8585,-73.4675
"309",1e-05,0.99998,1e-05,6749,42.4489,-76.5072
"310",1e-05,0.99998,1e-05,6750,42.4489,-76.5072
"311",1e-05,0.99998,1e-05,6805,42.373,-71.0627
"312",1e-05,0.99998,1e-05,6806,42.373,-71.0627
"313",1e-05,0.99998,1e-05,6814,41.2816,-86.621
"314",1e-05,0.01094,0.98905,6830,49.5,73.1
"315",0.945539,0.010934,0.043527,6897,45,1.3
"316",0.709567,0.075883,0.21455,6898,51.2167,4.4
"317",1e-05,1e-05,0.99998,6900,63.324,18.484
"318",1e-05,1e-05,0.99998,6901,63.324,18.484
"319",0.088837,1e-05,0.911153,6903,49.4013,16.2326
"320",0.86472,0.005285,0.129995,6904,49.2,16.6166
"321",0.605455,0.094964,0.299581,6907,51.4083,-0.6383
"322",0.939115,0.060875,1e-05,6908,51.4083,-0.6383
"323",0.638147,0.052378,0.309475,6909,38.3,-92.3
"324",0.901737,0.001047,0.097215,6911,15.1111,-23.6167
"325",1e-05,1e-05,0.99998,6913,62.877,18.177
"326",0.771026,0.029909,0.199065,6915,50.3,6.3
"327",1e-05,1e-05,0.99998,6917,63.0165,18.3174
"328",1e-05,1e-05,0.99998,6918,63.0165,18.3174
"329",0.249427,0.008568,0.742005,6919,50.3,8
"330",0.528289,0.074841,0.39687,6920,51.5338,9.9355
"331",0.53825,0.074681,0.38707,6922,50.3,8
"332",0.978459,0.021531,1e-05,6923,51.4083,-0.6383
"333",0.986783,0.013207,1e-05,6924,51.4083,-0.6383
"334",0.926744,0.030572,0.042684,6926,44.46,-85.37
"335",1e-05,0.99998,1e-05,6927,41.2816,-86.621
"336",1e-05,1e-05,0.99998,6929,38.48,68.49
"337",1e-05,0.002819,0.997171,6931,49.5,73.1
"338",1e-05,0.011148,0.988842,6932,47.984,10.8719
"339",0.99998,1e-05,1e-05,6933,41.59,2.49
"340",0.018066,1e-05,0.981924,6938,55.7522,37.6322
"341",0.59428,1e-05,0.40571,6940,50.3,8.3
"342",0.928661,0.071329,1e-05,6943,51.4083,-0.6383
"343",0.970249,0.029741,1e-05,6944,51.4083,-0.6383
"344",0.635756,0.096458,0.267786,6945,52.24,4.45
"345",0.141403,1e-05,0.858587,6951,49.42,16.36
"346",0.008611,0.01484,0.976549,6956,49.42,16.36
"347",1e-05,0.004682,0.995308,6957,49.42,16.36
"348",0.892497,0.031147,0.076356,6958,46,3.3
"349",0.884754,0.085803,0.029443,6959,48.5,-1.41
"350",0.933213,0.050102,0.016685,6960,48.5,-1.41
"351",0.99998,1e-05,1e-05,6961,38.3333,-3.53333
"352",1e-05,1e-05,0.99998,6963,38.35,68.48
"353",0.952608,0.047382,1e-05,6966,51.4083,-0.6383
"354",0.704099,0.05668,0.239221,6967,51.4083,-0.6383
"355",1e-05,0.019122,0.980868,6968,60,23.5
"356",1e-05,0.01631,0.98368,6969,60,23.5
"357",0.99998,1e-05,1e-05,6970,41.7194,2.93056
"358",0.99998,1e-05,1e-05,6971,41.7194,2.93056
"359",0.454142,0.073302,0.472555,6973,56.0648,13.9707
"360",0.036359,0.031204,0.932437,6974,56.0648,13.9707
"361",0.218098,1e-05,0.781892,6975,48.3,14.45
"362",0.233269,1e-05,0.766721,6976,48.3,14.45
"363",0.640025,0.020617,0.339358,6979,47.25,8.26
"364",0.125582,0.046155,0.828262,6981,52.3,30
"365",0.63559,0.023399,0.341011,6982,52.3,9.3
"366",0.040435,1e-05,0.959555,6984,49.3853,16.2544
"367",0.972432,0.027558,1e-05,6986,57.1539,-2.2207
"368",0.642329,0.02466,0.333011,6987,48.0683,7.62551
"369",0.963073,0.036917,1e-05,6989,54.8,-2.4333
"370",0.237371,0.017618,0.745011,6990,53.448,5.73
"371",0.789572,0.012854,0.197574,6992,50.3,5.3
"372",0.718728,0.021465,0.259807,6997,51.8333,5.5833
"373",0.582305,0.014207,0.403488,7000,50.9167,9.57073
"374",0.61574,0.038783,0.345476,7002,51.3333,6.1
"375",0.661203,0.015816,0.322981,7003,47.5,7.5
"376",0.734297,0.051527,0.214176,7008,52,5.675
"377",0.186435,1e-05,0.813555,7013,52.4584,13.287
"378",0.660954,0.075128,0.263918,7014,56.5459,-4.79821
"379",0.373921,1e-05,0.626069,7025,44.5041,11.3396
"380",0.937173,0.014721,0.048106,7026,54.4,-3.2667
"381",0.523571,0.012067,0.464362,7028,49.5166,9.3166
"382",0.671833,1e-05,0.328157,7031,50.0167,8.6667
"383",1e-05,0.99998,1e-05,7033,41.3599,-122.755
"384",0.58742,0.026032,0.386549,7036,50.5,9.5
"385",0.539385,0.101197,0.359418,7058,54.1,-6.2
"386",0.656967,0.079708,0.263326,7061,53.2699,-1.64293
"387",0.756522,0.067432,0.176045,7062,50.2981,8.26607
"388",0.905504,0.033994,0.060502,7063,29.2144,-13.4811
"389",0.968469,0.031521,1e-05,7064,51.3,1.1
"390",0.156917,0.036977,0.806105,7067,37.3,15
"391",0.901241,0.007057,0.091702,7068,42,12.1
"392",0.917394,0.032807,0.049799,7071,48.0717,1.33867
"393",1e-05,1e-05,0.99998,7072,53.7502,34.7361
"394",0.915316,0.010045,0.074639,7077,40.12,-8.25
"395",0.99998,1e-05,1e-05,7081,40.2077,-8.42639
"396",0.949533,0.050457,1e-05,7092,49.416,2.823
"397",0.478556,0.012293,0.509151,7094,49.8724,8.65081
"398",1e-05,1e-05,0.99998,7096,47.3239,5.04278
"399",0.532802,0.095856,0.371342,7102,50.7224,8.2372
"400",1e-05,1e-05,0.99998,7103,49.4167,16.2667
"401",0.303279,1e-05,0.696711,7106,51.051,13.7336
"402",0.977962,0.022028,1e-05,7107,54.7761,-1.5733
"403",0.971281,0.028709,1e-05,7109,51.3,0.5
"404",0.609295,0.105571,0.285134,7111,55.9494,-3.16028
"405",0.524098,0.07218,0.403722,7117,51.5105,9.68253
"406",0.481384,0.063596,0.455019,7119,50,8.5
"407",0.22192,1e-05,0.77807,7120,50,8.5
"408",0.716186,0.019448,0.264366,7125,49.5955,11.0087
"409",1e-05,0.038022,0.961968,7126,60.1997,24.5682
"410",0.446724,1e-05,0.553266,7127,58.6656,24.9871
"411",0.952718,0.005388,0.041894,7130,44.6447,2.56481
"412",0.664611,0.057808,0.277581,7133,50.1102,8.6822
"413",0.567351,0.069217,0.363432,7138,50.5,8.0167
"414",0.504022,0.076279,0.419699,7143,51.0167,5.86667
"415",0.322223,0.048416,0.629361,7147,50.584,8.67825
"416",0.324894,1e-05,0.675096,7158,47,15.5
"417",1e-05,0.99998,1e-05,7160,43.178,-85.2532
"418",0.536457,0.083828,0.379714,7161,53.5,10.5
"419",0.571515,0.047008,0.381478,7162,52.24,9.44
"420",0.496735,0.106267,0.396998,7163,52.3721,9.73569
"421",0.244938,0.014835,0.740227,7164,55.675,12.5686
"422",0.412818,0.033769,0.553413,7165,51.3472,8.28844
"423",0.469483,0.056825,0.473692,7169,54.4175,9.88682
"424",0.157957,0.007305,0.834738,7177,49,15
"425",0.228684,0.020527,0.750789,7181,50.927,11.587
"426",1e-05,1e-05,0.99998,7183,35,77
"427",1e-05,1e-05,0.99998,7186,54.8969,23.8924
"428",0.490542,0.104769,0.40469,7192,55.6395,-5.66364
"429",0.61127,1e-05,0.38872,7199,50.95,6.9666
"430",0.62541,1e-05,0.37458,7202,50.1797,8.50861
"431",0.159865,1e-05,0.840125,7203,49.631,11.5722
"432",0.097321,1e-05,0.902669,7207,35.0085,135.752
"433",0.766019,0.034643,0.199338,7208,55.6739,-3.78181
"434",0.13604,1e-05,0.86395,7209,52.7333,15.2333
"435",1e-05,0.01525,0.98474,7213,47.984,10.8719
"436",0.953996,0.019815,0.026189,7217,48,0.5
"437",0.401759,1e-05,0.598231,7218,52.1611,4.49015
"438",0.08129,1e-05,0.9187,7223,50.3833,8.0666
"439",0.599934,0.047893,0.352173,7231,50.3833,8.0666
"441",0.675181,0.015453,0.309366,7244,50.001,8.26664
"442",1e-05,0.99998,1e-05,7248,41.3923,-70.6652
"443",0.412371,0.046322,0.541307,7250,51.9183,10.1138
"444",0.649754,0.037368,0.312878,7255,50.95,20.5
"445",0.621447,0.053676,0.324877,7258,50.5,8.5
"446",0.313263,0.041149,0.645588,7268,52.6969,10.981
"447",0.082448,0.01998,0.897572,7273,51.0581,13.2995
"448",0.565417,0.05771,0.376872,7276,50.2,8.5833
"449",0.5216,0.032339,0.44606,7280,53.1667,8.2
"450",0.542844,0.05168,0.405475,7282,50.3827,8.01161
"451",0.47027,0.068134,0.461596,7287,53.3422,8.42255
"452",0.221404,0.045218,0.733379,7288,60.385543,6.193019
"453",0.155814,0.007913,0.836273,7296,59,29
"454",0.523796,0.019883,0.456321,7298,47.04,10.51
"455",0.318099,1e-05,0.681891,7305,53.476,10.6065
"456",0.984813,0.015177,1e-05,7306,49.2655,-123.206
"457",0.7981,0.06188,0.14002,7307,48.0653,-2.96591
"458",0.115908,0.040236,0.843855,7314,54.3512,-3.41697
"459",0.703111,0.026876,0.270013,7316,51.9667,5.56667
"460",0.963553,0.003837,0.03261,7319,42,12.1
"461",0.96689,0.0331,1e-05,7320,49.4424,1.09849
"462",0.515116,0.064838,0.420045,7322,56.3,34
"463",1e-05,1e-05,0.99998,7323,49,38.28
"464",0.99998,1e-05,1e-05,7327,41.7833,3.03333
"465",0.970737,0.029253,1e-05,7328,41.7833,3.03333
"466",0.935325,0.035636,0.029039,7332,47,-122.2
"467",0.030074,0.018527,0.951398,7333,46.5438,11.5614
"468",0.496554,0.044528,0.458918,7337,50.8738,8.02341
"469",0.689123,0.059344,0.251534,7342,53.6473,-3.00733
"470",0.206397,1e-05,0.793593,7343,52.5339,13.181
"471",0.576894,0.029385,0.393721,7344,47.6667,9.5
"472",0.32203,0.014721,0.663249,7346,52.6058,11.8558
"473",1e-05,1e-05,0.99998,7347,52,36
"474",1e-05,1e-05,0.99998,7349,49.5,14.5
"475",1e-05,1e-05,0.99998,7350,47.2413,-122.459
"476",0.626105,0.017328,0.356568,7353,52.08,4.3
"477",0.113295,0.02563,0.861075,7354,56.5,14.9
"478",0.381293,0.618697,1e-05,7356,41.6639,-83.5553
"479",1e-05,0.99998,1e-05,7358,41.6639,-83.5553
"480",1e-05,0.99998,1e-05,7359,41.6639,-83.5553
"481",0.552341,0.005598,0.442061,7372,47.0748,9.9042
"482",0.556085,0.023053,0.420862,7373,34.43,136.31
"483",1e-05,0.99998,1e-05,7377,43.2708,-85.2563
"484",0.74764,0.017694,0.234666,7378,48.0333,7.7667
"485",0.710179,0.00063,0.289191,7382,52.0918,5.1145
"486",0.932416,0.04432,0.023265,7383,49.2655,-123.206
"487",0.537774,0.037214,0.425012,7384,52.0333,5.55
"488",0.959849,0.040141,1e-05,7387,54.9902,-2.3671
"489",1e-05,1e-05,0.99998,7394,52.3,21
"490",0.092989,0.012118,0.894893,7396,52.3,30
"491",0.375564,0.067633,0.556804,7404,52.6,10.0667
"492",0.49883,0.009767,0.491403,7411,47.9299,10.8134
"493",0.044988,1e-05,0.955002,7413,54.6833,25.3167
"494",0.520811,0.055314,0.423876,7415,49.7878,9.9361
"495",0.329499,0.545264,0.125237,7416,37.45,-119.35
"496",0.812262,0.066777,0.120961,7417,47.3667,8.55
"497",0.635237,1e-05,0.364753,7418,47.3667,8.55
"498",0.659322,0.003606,0.337072,7419,50.3058,8.32213
"499",0.161532,0.013758,0.82471,7424,49.2,16.6166
"501",0.73055,0.026423,0.243027,7430,48.6167,6.25
"503",0.457627,0.049792,0.492581,7461,49,15
"505",1e-05,0.99998,1e-05,7475,41.767,-72.677
"506",0.420705,0.017931,0.561363,7477,41.7302,-71.2825
"507",0.689646,0.024956,0.285398,7514,41.5609,-86.4251
"508",1e-05,0.99998,1e-05,7515,41.5609,-86.4251
"509",0.162687,0.088564,0.748749,7516,55.58,14.334
"510",0.128035,0.093938,0.778027,7517,55.58,14.334
"511",0.093907,1e-05,0.906083,7520,49.38,16.81
"512",0.09433,1e-05,0.90566,7521,49.38,16.81
"513",0.333853,0.487894,0.178253,7523,42.0945,-86.3253
"514",0.589012,0.410978,1e-05,7525,42.036,-86.511
"515",0.322725,0.677265,1e-05,7529,42.0333,-86.5128
"516",0.323817,0.676173,1e-05,7530,42.0333,-86.5128
"517",0.035601,0.921333,0.043066,7566,42.093,-86.359
"518",1e-05,0.99998,1e-05,7568,42.093,-86.359
"519",0.540781,0.328661,0.130558,7717,41.273,-86.625
"520",1e-05,0.99998,1e-05,7757,41.273,-86.625
"521",1e-05,0.99998,1e-05,7767,41.273,-86.625
"522",0.377657,0.415774,0.206569,7917,42.0945,-86.3253
"523",0.698523,0.301467,1e-05,7947,42.0945,-86.3253
"524",1e-05,0.99998,1e-05,8037,41.3423,-86.7368
"525",1e-05,0.99998,1e-05,8057,41.3423,-86.7368
"526",0.334798,0.558067,0.107135,8077,41.3423,-86.7368
"527",0.396448,0.603542,1e-05,8132,42.036,-86.511
"528",0.470917,0.529073,1e-05,8171,42.036,-86.511
"529",0.95284,0.046635,0.000525,8214,49,2
"530",0.198248,0.023944,0.777808,8222,56.0328,14.775
"531",0.005582,0.017841,0.976577,8227,62.7989,17.9103
"532",0.177778,0.020629,0.801593,8230,56.68,16.5
"533",0.16428,0.011564,0.824156,8231,56.3,16
"534",1e-05,0.99998,1e-05,8233,41.1876,-87.1923
"535",0.135557,0.071947,0.792496,8234,56.4606,15.8127
"536",1e-05,1e-05,0.99998,8235,48.8,17.1
"537",0.033579,1e-05,0.966411,8236,49.33,15.76
"538",0.119307,0.049072,0.831621,8237,55.8,13.1
"539",0.576805,0.023937,0.399258,8238,51.15,0.4
"540",0.682819,0.019676,0.297505,8239,51,7
"541",0.168226,0.037093,0.794681,8240,55.705,13.196
"542",0.16444,0.001723,0.833836,8241,55.9473,13.821
"543",0.3065,0.0209,0.6726,8242,56.1494,15.7884
"544",0.952152,1e-05,0.047838,8243,43.7703,11.2547
"545",0.861882,0.043285,0.094833,8244,48.6103,2.3086
"546",0.247349,0.556855,0.195795,8246,35,-79.18
"547",0.150285,0.074872,0.774843,8247,56.07,13.74
"548",0.140154,0.02292,0.836927,8249,57.7,15.8
"549",0.40768,0.031723,0.560597,8256,56.4,12.9
"550",0.124696,0.028338,0.846967,8258,56.4,12.9
"551",0.142171,0.043015,0.814815,8259,56.4,12.9
"552",0.99998,1e-05,1e-05,8264,41.6833,2.8
"553",0.27152,0.056832,0.671648,8283,55.76,14.12
"554",1e-05,1e-05,0.99998,8284,49.4112,16.2815
"555",0.015598,1e-05,0.984392,8285,49.4112,16.2815
"556",0.230155,1e-05,0.769835,8290,50,8.5
"557",0.94147,0.034894,0.023637,8297,46.5,6.08
"558",0.063474,0.088997,0.847529,8306,56.1,13.74
"559",0.262594,0.12426,0.613146,8307,56.1,13.74
"560",0.333375,0.005076,0.661549,8311,47.5,11.5
"561",0.599006,0.050425,0.350569,8312,50.5,7.5
"562",0.094353,0.043765,0.861882,8326,56.0328,14.775
"563",0.14988,0.031586,0.818535,8334,55.71,13.2
"564",0.040784,0.020954,0.938262,8335,55.71,13.2
"565",0.91308,0.012185,0.074735,8337,44,12.37
"566",0.378708,0.065497,0.555794,8343,47.5,1.5
"567",0.064519,0.073679,0.861802,8351,60.25,18.37
"568",1e-05,1e-05,0.99998,8354,58,56.3167
"569",0.99998,1e-05,1e-05,8357,41.5,2.25
"570",0.062192,1e-05,0.937798,8365,49,16
"571",0.353617,0.007412,0.63897,8366,50.5,8.5
"572",0.035227,0.035496,0.929277,8369,55.6942,13.4504
"573",1e-05,0.023191,0.976799,8376,62.69,18
"574",1e-05,1e-05,0.99998,8386,58.9,11.2
"575",0.717253,0.030927,0.25182,8387,59,18
"576",0.00119,0.012715,0.986095,8419,54.6833,25.3167
"577",0.597194,0.012622,0.390183,8420,50.0667,8.5333
"578",0.091498,0.054375,0.854128,8422,56.06,14.29
"579",1e-05,1e-05,0.99998,8424,35,77
"580",0.236664,0.086483,0.676853,8426,56.06,13.97
"581",0.207477,0.122269,0.670254,8427,56.0648,13.9707
"582",1e-05,0.99998,1e-05,8464,41.6862,-86.8513
"583",1e-05,0.99998,1e-05,8483,41.6862,-86.8513
"584",1e-05,0.99998,1e-05,8699,42.0945,-86.3253
"585",1e-05,0.99998,1e-05,8723,42.0945,-86.3253
"586",0.29829,0.7017,1e-05,9027,42.036,-86.511
"587",0.160975,0.073144,0.765881,9057,56.1,13.9167
"588",0.169948,0.059406,0.770646,9058,57.75,16.6333
"589",0.99998,1e-05,1e-05,9067,38.6536,48.7992
"590",0.99998,1e-05,1e-05,9069,38.6536,48.7992
"591",0.99998,1e-05,1e-05,9070,38.6536,48.7992
"592",0.99998,1e-05,1e-05,9075,38.7406,48.6131
"593",0.99998,1e-05,1e-05,9078,38.7406,48.6131
"594",0.99998,1e-05,1e-05,9079,38.7833,48.5517
"595",0.99998,1e-05,1e-05,9081,38.7833,48.5517
"596",0.99998,1e-05,1e-05,9084,38.7833,48.5517
"597",0.99998,1e-05,1e-05,9085,38.7833,48.5517
"598",0.99998,1e-05,1e-05,9089,38.9522,48.925
"599",0.99998,1e-05,1e-05,9091,38.9522,48.925
"600",0.99998,1e-05,1e-05,9095,38.9786,48.5594
"601",0.988724,1e-05,0.011266,9099,38.9786,48.5594
"602",0.99998,1e-05,1e-05,9100,41.8296,46.2831
"603",0.99998,1e-05,1e-05,9102,41.8296,46.2831
"604",0.990007,1e-05,0.009983,9103,41.8296,46.2831
"605",0.99998,1e-05,1e-05,9104,41.8296,46.2831
"606",0.99998,1e-05,1e-05,9105,41.8296,46.2831
"607",0.99998,1e-05,1e-05,9106,41.8296,46.2831
"608",0.946313,1e-05,0.053677,9111,41.8296,46.2831
"609",0.99998,1e-05,1e-05,9113,41.8296,46.2831
"610",0.99998,1e-05,1e-05,9114,41.8296,46.2831
"611",0.99998,1e-05,1e-05,9115,41.8296,46.2831
"612",0.85162,1e-05,0.14837,9121,41.7942,43.4767
"613",1e-05,1e-05,0.99998,9125,40.1408,44.8203
"614",1e-05,1e-05,0.99998,9128,39.8692,45.3622
"615",1e-05,1e-05,0.99998,9130,39.8692,45.3622
"616",1e-05,1e-05,0.99998,9131,39.8692,45.3622
"617",1e-05,1e-05,0.99998,9133,39.8692,45.3622
"618",1e-05,1e-05,0.99998,9134,39.8692,45.3622
"619",0.96379,0.0362,1e-05,9298,55.9681,-3.21833
"620",0.966178,0.033812,1e-05,9312,57.9,-5.1525
"621",0.922482,0.068462,0.009056,9314,57.9672,-3.96722
"622",1e-05,0.005789,0.994201,9321,62.8622,18.336
"623",1e-05,1e-05,0.99998,9323,62.8622,18.336
"624",1e-05,1e-05,0.99998,9332,62.8698,18.381
"625",0.046672,0.072576,0.880752,9336,62.8794,18.4473
"626",0.057756,0.049922,0.892322,9339,57.7133,15.0689
"627",0.204291,0.031093,0.764616,9343,57.3089,18.1512
"628",0.047431,0.057505,0.895065,9352,57.2608,16.3675
"629",0.060862,0.023737,0.915401,9353,57.2608,16.3675
"630",1e-05,1e-05,0.99998,9363,62.9147,18.4045
"631",0.145259,0.036688,0.818053,9369,57.6781,14.9986
"632",0.062979,0.021282,0.915738,9370,57.6781,14.9986
"633",1e-05,1e-05,0.99998,9371,63.016,18.3175
"634",1e-05,0.043232,0.956758,9380,55.7488,13.3742
"635",0.128342,0.057387,0.81427,9381,55.8106,14.2091
"636",0.132111,0.019543,0.848346,9382,55.8106,14.2091
"637",0.115172,0.059399,0.825429,9383,55.8106,14.2091
"638",1e-05,1e-05,0.99998,9386,62.806,18.1896
"639",1e-05,1e-05,0.99998,9388,62.806,18.1896
"640",1e-05,0.001481,0.998509,9390,57.3263,15.8979
"641",1e-05,0.008025,0.991965,9391,57.3263,15.8979
"642",1e-05,0.004143,0.995847,9392,57.3263,15.8979
"643",0.164625,0.063655,0.771721,9394,56.5804,16.4063
"644",0.389724,0.040687,0.569589,9395,57.5089,15.0105
"645",0.159585,0.062157,0.778258,9399,55.4234,13.9905
"646",0.089354,0.04075,0.869896,9402,57.8765,14.8549
"647",1e-05,0.023958,0.976032,9404,55.7491,13.399
"648",1e-05,0.002818,0.997172,9405,55.7491,13.399
"649",1e-05,0.01141,0.98858,9407,55.7491,13.399
"650",0.084188,0.052888,0.862924,9408,56.047,13.9519
"651",0.124379,0.029674,0.845947,9409,56.0573,14.302
"652",1e-05,1e-05,0.99998,9412,57.2746,16.1494
"653",1e-05,0.004684,0.995306,9413,57.2746,16.1494
"654",0.239571,0.030625,0.729804,9416,57.7215,18.3837
"655",0.035124,0.011049,0.953826,9421,55.9745,14.3997
"656",1e-05,0.015288,0.984702,9427,62.8815,18.4055
"657",1e-05,1e-05,0.99998,9433,62.9513,18.2763
"658",0.098364,0.025809,0.875827,9436,56.1633,14.6806
"659",0.067763,0.041358,0.890879,9437,56.1633,14.6806
"660",0.111113,0.071468,0.817419,9442,55.5678,14.3398
"661",0.198795,0.03014,0.771065,9450,57.2545,18.2109
"662",0.205303,0.021254,0.773444,9451,57.2545,18.2109
"663",0.279926,0.015998,0.704076,9452,57.2545,18.2109
"664",0.200147,0.045577,0.754276,9453,57.8009,18.5162
"665",0.159186,0.054333,0.78648,9454,57.8009,18.5162
"666",0.201696,0.099262,0.699041,9455,57.8009,18.5162
"667",0.187866,0.082573,0.729561,9470,57.6511,14.8043
"668",1e-05,0.027192,0.972798,9471,56.0648,13.9707
"669",0.15168,0.082837,0.765482,9476,55.5796,14.3336
"670",0.114737,0.057123,0.82814,9481,55.4242,13.8484
"671",0.943901,0.056089,1e-05,9503,55.8877,-3.21072
"672",0.985402,0.014588,1e-05,9506,40.11,-7.47
"673",0.99998,1e-05,1e-05,9507,38.45,-7.5
"674",0.99998,1e-05,1e-05,9508,40.04,-7.11
"675",0.995945,0.004045,1e-05,9509,39.29,-7.4
"676",0.99998,1e-05,1e-05,9510,38.75,-7.59
"677",0.987389,0.012601,1e-05,9511,38.53,-8.02
"678",0.993962,0.006028,1e-05,9512,38.22,-7.84
"679",0.99998,1e-05,1e-05,9513,38.77,-4.07
"680",0.995797,0.004193,1e-05,9514,39.15,-4.54
"681",0.99998,1e-05,1e-05,9515,39.72,-6.89
"682",0.999117,0.000873,1e-05,9517,42.19,-7.8
"683",0.996163,0.003827,1e-05,9518,39.88,-0.36
"684",0.99998,1e-05,1e-05,9519,41.94,2.64
"685",0.986194,0.013796,1e-05,9520,41.7,-3.68
"686",0.99998,1e-05,1e-05,9521,41.43,2.13
"687",0.99998,1e-05,1e-05,9522,36.52,-5.27
"688",0.994177,0.005813,1e-05,9523,38.37,-2.66
"689",0.989141,0.010849,1e-05,9524,42.52,-0.56
"690",0.938497,1e-05,0.061493,9525,42.49,0.54
"691",0.993308,0.006682,1e-05,9526,41.54,2.39
"692",0.980244,0.019746,1e-05,9527,40.37,-5.74
"693",0.99998,1e-05,1e-05,9528,40.94,-1.37
"694",0.934289,0.013383,0.052328,9529,36.97,-3.36
"695",0.99998,1e-05,1e-05,9530,38.25,-4.32
"696",0.989563,0.010427,1e-05,9531,41.21,-4.54
"697",0.99998,1e-05,1e-05,9532,42.23,-4.64
"698",0.996994,0.002996,1e-05,9533,41.15,-4.32
"699",0.99998,1e-05,1e-05,9534,40.05,-4.65
"700",0.978839,1e-05,0.021151,9535,42.31,3.19
"701",0.995151,0.004839,1e-05,9536,40.83,-2
"702",0.992704,0.007286,1e-05,9537,38.07,-6.66
"703",0.99998,1e-05,1e-05,9539,40.29,-6.67
"704",0.996099,0.003891,1e-05,9540,41.81,2.34
"705",0.991253,0.008737,1e-05,9541,38.26,-5.42
"706",0.968165,0.010471,0.021364,9542,40.79,-4.05
"707",0.99998,1e-05,1e-05,9543,36.77,-5.39
"708",0.99998,1e-05,1e-05,9544,39.4,-5.33
"709",0.99998,1e-05,1e-05,9545,39.4,-5.78
"710",0.99998,1e-05,1e-05,9546,40.82,-1.68
"711",0.99998,1e-05,1e-05,9547,41.67,2.62
"712",0.99998,1e-05,1e-05,9548,40.4,-5
"713",0.993439,0.006551,1e-05,9549,42.23,-3.69
"714",0.847754,0.01,0.142246,9550,43.05,-5.37
"715",0.966201,1e-05,0.033789,9551,42.28,-5.92
"716",0.99998,1e-05,1e-05,9552,40.87,-4.5
"717",0.99998,1e-05,1e-05,9553,41.58,-4.71
"718",0.99998,1e-05,1e-05,9554,38.86,-3.16
"719",0.99998,1e-05,1e-05,9555,39.58,-3.93
"720",0.995193,0.004797,1e-05,9556,39.66,-4.34
"721",0.963916,1e-05,0.036074,9557,42.46,0.7
"722",0.999499,0.000491,1e-05,9558,41.57,-5.64
"723",0.999768,0.000222,1e-05,9559,38.06,-4.38
"724",0.99998,1e-05,1e-05,9560,38.19,-6.24
"725",0.985695,0.014295,1e-05,9561,40.71,-5.04
"726",0.99998,1e-05,1e-05,9562,41.67,2
"727",0.994799,0.005191,1e-05,9564,40.45,-1.6
"728",0.933799,0.025375,0.040826,9565,42.97,-1.23
"729",0.99998,1e-05,1e-05,9567,42.34,1.3
"730",0.99998,1e-05,1e-05,9568,42.76,-0.23
"731",0.997814,0.002176,1e-05,9569,42.87,-6.45
"732",0.957524,0.00707,0.035406,9571,43.28,-6.01
"733",0.99491,0.00508,1e-05,9573,41.86,2.99
"734",0.99998,1e-05,1e-05,9574,38.6,-2.7
"735",0.992748,0.007242,1e-05,9576,40.86,-4.11
"736",0.99274,0.00725,1e-05,9577,42.34,2.17
"737",0.992568,1e-05,0.007422,9578,42.13,-6.7
"738",0.99998,1e-05,1e-05,9579,38.33,-3.51
"739",0.993063,0.006927,1e-05,9581,42.84,-5.12
"740",0.994534,0.005456,1e-05,9582,41.48,-1.63
"741",0.947848,1e-05,0.052142,9583,37.09,-3.38
"742",0.983338,0.012438,0.004224,9584,41.19,-3.58
"743",0.864098,0.023352,0.11255,9585,43.4,-7.39
"744",0.99998,1e-05,1e-05,9586,41.03,-3.27
"745",0.962146,0.037844,1e-05,9587,41.5,-1.88
"746",0.99998,1e-05,1e-05,9588,42.11,0.6
"747",0.981218,0.018772,1e-05,9589,41.6,-2.83
"748",0.895758,0.050739,0.053503,9590,43.37,-5.49
"749",0.99998,1e-05,1e-05,9591,42.86,-3.59
"750",0.983932,0.016058,1e-05,9592,42.1,-5.44
"751",0.826437,1e-05,0.173553,9593,42.26,-2.99
"752",0.99998,1e-05,1e-05,9594,42.04,1.01
"753",0.992316,0.007674,1e-05,9595,40.89,-5.5
"754",0.99998,1e-05,1e-05,9596,41.95,-7.45
"755",0.992609,0.007381,1e-05,9597,42.31,-2.53
"756",0.99998,1e-05,1e-05,9598,41.88,-6.51
"757",0.99998,1e-05,1e-05,9599,42.8,-5.77
"758",0.99998,1e-05,1e-05,9600,39.85,-6.04
"759",0.953764,0.023177,0.023059,9601,41.85,-1.88
"760",0.99998,1e-05,1e-05,9602,40.5,-3.96
"761",0.820731,1e-05,0.179259,9606,31.48,-7.45
"762",1e-05,1e-05,0.99998,9607,53.05,52.15
"763",1e-05,1e-05,0.99998,9608,51.37,59.44
"764",1e-05,1e-05,0.99998,9609,51.41,59.98
"765",1e-05,1e-05,0.99998,9610,53.04,51.96
"766",1e-05,1e-05,0.99998,9611,53.04,51.9
"767",1e-05,1e-05,0.99998,9612,53.04,51.94
"768",0.641502,1e-05,0.358488,9613,55.36,61.41
"769",1e-05,1e-05,0.99998,9615,52.99,52.16
"770",1e-05,1e-05,0.99998,9616,53.06,51.96
"771",1e-05,1e-05,0.99998,9617,51.37,59.44
"772",1e-05,1e-05,0.99998,9619,51.84,79.48
"773",1e-05,1e-05,0.99998,9620,51.82,79.48
"774",1e-05,1e-05,0.99998,9621,51.84,79.46
"775",0.092206,0.004237,0.903557,9622,52.52,85.27
"776",1e-05,1e-05,0.99998,9624,53.6,79.37
"777",1e-05,1e-05,0.99998,9625,51.31,82.59
"778",1e-05,1e-05,0.99998,9626,51.36,82.59
"779",1e-05,1e-05,0.99998,9627,51.32,82.55
"780",1e-05,1e-05,0.99998,9628,51.33,82.54
"781",1e-05,1e-05,0.99998,9629,51.35,82.18
"782",1e-05,1e-05,0.99998,9630,51.34,82.16
"783",1e-05,1e-05,0.99998,9631,51.65,80.79
"784",1e-05,1e-05,0.99998,9632,51.67,80.82
"785",1e-05,1e-05,0.99998,9633,51.63,80.83
"786",1e-05,1e-05,0.99998,9634,54.13,81.31
"787",1e-05,1e-05,0.99998,9635,51.87,80.6
"788",1e-05,1e-05,0.99998,9636,51.75,80.82
"789",1e-05,1e-05,0.99998,9637,51.77,80.85
"790",1e-05,1e-05,0.99998,9638,51.73,80.86
"791",1e-05,1e-05,0.99998,9639,53.82,80.31
"792",1e-05,1e-05,0.99998,9640,51.87,80.06
"793",1e-05,1e-05,0.99998,9641,51.9,80.06
"794",1e-05,1e-05,0.99998,9642,51.84,80.06
"795",1e-05,1e-05,0.99998,9643,52.1,79.31
"796",0.412954,0.005198,0.581849,9644,45.07,18.72
"797",0.239814,1e-05,0.760176,9645,45.17,18.7
"798",0.99998,1e-05,1e-05,9646,39.126899,16.170188
"799",0.99998,1e-05,1e-05,9647,40.37,16.77
"800",0.99998,1e-05,1e-05,9648,39.48,16.28
"801",0.992872,0.007118,1e-05,9649,39.13,16.17
"802",0.945903,1e-05,0.054087,9651,40.68,14.87
"803",0.995531,0.004459,1e-05,9653,38.44,16.13
"804",0.99998,1e-05,1e-05,9655,38.92,16.47
"805",0.997606,1e-05,0.002384,9656,40.64,17.31
"806",0.99998,1e-05,1e-05,9657,38.45,16.04
"807",0.975159,1e-05,0.024831,9658,38.97,16.34
"808",0.99998,1e-05,1e-05,9659,41.18,14.18
"809",0.9839,0.01609,1e-05,9660,40.84,14.57
"810",0.99998,1e-05,1e-05,9661,39.58,16.21
"811",0.990683,1e-05,0.009307,9663,41.33,14.09
"812",1e-05,1e-05,0.99998,9664,46.366,11.2832
"813",1.2e-05,1e-05,0.999978,9665,46.366,11.2832
"814",1e-05,1e-05,0.99998,9666,46.366,11.2832
"815",1e-05,1e-05,0.99998,9667,46.366,11.2832
"816",1e-05,1e-05,0.99998,9668,46.3668,11.2837
"817",1e-05,1e-05,0.99998,9669,46.3668,11.2837
"818",1e-05,1e-05,0.99998,9670,46.3668,11.2837
"819",1e-05,1e-05,0.99998,9671,46.3668,11.2837
"820",1e-05,0.006577,0.993413,9672,46.3668,11.2837
"821",1e-05,1e-05,0.99998,9673,46.3668,11.2837
"822",1e-05,1e-05,0.99998,9676,46.3718,11.2866
"823",1e-05,0.012622,0.987368,9677,46.3718,11.2866
"824",0.009265,0.007201,0.983535,9678,46.3718,11.2866
"825",1e-05,1e-05,0.99998,9679,46.3378,11.2928
"826",1e-05,1e-05,0.99998,9680,46.3378,11.2928
"827",1e-05,1e-05,0.99998,9681,46.3378,11.2928
"828",1e-05,1e-05,0.99998,9682,46.3378,11.2928
"829",1e-05,1e-05,0.99998,9683,46.3378,11.2928
"830",0.004731,1e-05,0.995259,9684,46.3378,11.2928
"831",1e-05,1e-05,0.99998,9685,46.3378,11.2928
"832",1e-05,1e-05,0.99998,9686,46.3378,11.2928
"833",0.005232,1e-05,0.994758,9687,46.3378,11.2928
"834",0.019342,0.010353,0.970306,9689,46.3378,11.2928
"835",0.048236,8.3e-05,0.951681,9690,46.3378,11.2928
"836",0.173003,1e-05,0.826987,9691,46.3378,11.2928
"837",0.0614,0.007622,0.930977,9692,46.3378,11.2928
"838",0.049048,0.01071,0.940241,9693,46.3378,11.2928
"839",0.109607,0.012146,0.878247,9694,46.3378,11.2928
"840",0.112505,0.018106,0.869389,9695,46.3378,11.2928
"841",0.092726,0.001963,0.905312,9696,46.3378,11.2928
"842",0.412706,1e-05,0.587284,9697,41.62,23.94
"843",0.689448,1e-05,0.310542,9698,41.57,23.85
"844",0.64513,1e-05,0.35486,9699,41.37,23.14
"845",0.709205,1e-05,0.290785,9700,42.32,23.1
"846",0.225456,1e-05,0.774534,9701,43.7,25.91
"847",0.703528,0.005031,0.291441,9703,41.53,23.39
"848",0.721134,1e-05,0.278856,9704,41.53,23.39
"849",0.640444,1e-05,0.359546,9705,41.5,23.33
"850",0.441247,1e-05,0.558743,9706,41.64,24.18
"851",0.693843,1e-05,0.306147,9707,41.57,24.84
"852",0.804988,1e-05,0.195002,9708,41.62,25.35
"853",0.677647,1e-05,0.322343,9709,41.85,23.13
"854",0.656711,1e-05,0.343279,9710,41.85,23.13
"855",0.472976,1e-05,0.527014,9711,42.32,23.1
"856",0.701552,1e-05,0.298438,9712,42.32,23.1
"857",0.447333,1e-05,0.552657,9713,42.49,25.61
"858",0.716687,0.00512,0.278192,9714,41.84,25.75
"859",0.78011,1e-05,0.21988,9716,41.54,24.98
"860",0.791031,1e-05,0.208959,9717,41.66,25.47
"861",0.744715,1e-05,0.255275,9718,41.55,24.75
"862",0.675414,1e-05,0.324576,9719,41.83,25.69
"863",0.740779,0.017801,0.241419,9720,41.77,25.68
"864",0.635517,0.002339,0.362144,9721,42.72,25.33
"865",0.410232,0.009422,0.580346,9722,41.71,24.41
"866",0.309482,1e-05,0.690508,9723,41.42,23.67
"867",0.861403,1e-05,0.138587,9725,37.6,23.08
"868",0.964109,1e-05,0.035881,9726,37.07,22.04
"869",1e-05,1e-05,0.99998,9727,37.63,21.62
"870",0.089094,1e-05,0.910896,9728,48.46,18.9
"871",0.020237,1e-05,0.979753,9729,48.46,18.9
"872",0.084978,1e-05,0.915012,9730,48.47,18.94
"873",0.029489,0.00329,0.967221,9731,48.46,18.9
"874",0.021328,0.017969,0.960703,9732,48.47,18.96
"875",0.020666,1e-05,0.979324,9733,48.47,18.94
"876",0.013589,0.010868,0.975543,9735,48.47,18.94
"877",0.255494,1e-05,0.744496,9736,44.69,25.17
"878",1e-05,1e-05,0.99998,9737,45.95,22.62
"879",0.40942,1e-05,0.59057,9738,45.57,25.42
"880",0.165634,0.000259,0.834107,9739,46.01,22.33
"881",0.137412,1e-05,0.862578,9741,45.84,23.16
"882",0.228582,0.002702,0.768716,9743,45.14,25
"883",0.04632,0.004499,0.949181,9744,47.16,27.59
"884",1e-05,1e-05,0.99998,9745,41.45,70.05
"885",0.179721,0.018727,0.801552,9747,44.38,21.22
"886",0.377439,1e-05,0.622551,9748,44.23,21.71
"887",0.697387,0.002178,0.300435,9749,43.54,22.29
"888",0.192679,0.007961,0.79936,9754,44.66,21.37
"889",0.385758,0.017095,0.597147,9755,44.56,22.56
"890",0.280005,1e-05,0.719985,9756,44.3,21.08
"891",0.47936,1e-05,0.52063,9757,44.3,21.08
"892",1e-05,1e-05,0.99998,9758,47.75,88.4
"893",0.99998,1e-05,1e-05,9759,37.47,49.47
"894",0.191487,0.004985,0.803528,9761,33.92,35.7
"895",0.914445,1e-05,0.085545,9762,37.69,14.98
"896",0.99998,1e-05,1e-05,9764,34.1,35.84
"897",1e-05,1e-05,0.99998,9766,42.26,74.16
"898",0.406785,1e-05,0.593205,9768,48.57,9.16
"899",0.581284,1e-05,0.418706,9769,48.55,8.99
"900",0.570622,0.013498,0.41588,9770,48.53,9.01
"901",0.572353,1e-05,0.427637,9771,48.56,9.11
"902",0.519319,0.014961,0.465719,9772,48.41,8.85
"903",0.562413,0.008904,0.428683,9774,48.59,9.22
"904",0.529682,0.002368,0.46795,9775,48.41,8.79
"905",0.690202,1e-05,0.309788,9776,48.43,8.79
"906",0.503444,1e-05,0.496546,9777,48.57,9.17
"907",0.535193,0.02192,0.442886,9778,48.41,8.84
"908",0.612519,0.012297,0.375184,9779,48.5,8.78
"909",0.523675,0.020219,0.456106,9780,48.43,8.79
"910",0.597234,0.00543,0.397337,9781,48.52,9.11
"911",0.561895,1e-05,0.438095,9782,48.53,9.09
"912",0.376026,0.046317,0.577656,9783,48.52,9.05
"913",0.675913,0.000914,0.323172,9784,48.5,8.8
"914",0.588643,0.026476,0.384881,9785,48.54,9.02
"915",0.59845,0.022021,0.37953,9786,48.54,9.01
"916",0.606233,1e-05,0.393757,9787,48.5,9
"917",0.564202,0.017623,0.418176,9788,48.53,9.01
"918",0.621455,0.01995,0.358594,9789,48.39,8.96
"919",0.512838,0.011721,0.475442,9790,48.58,9.18
"920",0.542253,0.018109,0.439638,9791,48.6,9.2
"921",0.59171,1e-05,0.40828,9792,48.54,9.09
"922",0.641091,1e-05,0.358899,9793,48.57,9.16
"923",0.538394,1e-05,0.461596,9794,48.52,9.08
"924",0.652735,0.016095,0.33117,9795,48.5,9.11
"925",0.519071,0.005082,0.475847,9796,48.41,8.84
"926",0.556679,0.011812,0.431509,9797,48.54,9.02
"927",0.605758,0.004216,0.390026,9798,48.54,9.01
"928",0.580665,0.029841,0.389494,9799,48.39,8.85
"929",0.604793,0.012599,0.382608,9800,48.54,9.01
"930",0.580208,1e-05,0.419782,9801,48.54,9.01
"931",0.629863,0.002418,0.367719,9802,48.51,9.11
"932",0.520192,0.014396,0.465412,9803,48.42,8.76
"933",0.657324,1e-05,0.342666,9804,48.45,8.87
"934",0.588617,0.032258,0.379125,9805,48.54,9.09
"935",0.632432,0.026329,0.341239,9806,48.56,9.16
"936",0.712524,1e-05,0.287466,9807,48.6,9.22
"937",0.619097,0.028933,0.35197,9808,48.52,9.08
"938",0.710118,0.079332,0.210549,9809,48.52,9.05
"939",0.527503,0.023556,0.448941,9810,48.53,9.07
"940",0.563858,1e-05,0.436132,9811,48.52,9.05
"941",0.554258,0.018482,0.42726,9812,48.52,9.03
"942",0.670315,1e-05,0.329675,9813,48.4,8.77
"943",0.61354,1e-05,0.38645,9814,48.42,8.79
"944",0.51339,0.010874,0.475736,9815,48.54,9.02
"945",0.698054,0.014162,0.287784,9816,48.55,9.06
"946",0.99998,1e-05,1e-05,9817,39.84,-6.6
"947",0.99998,1e-05,1e-05,9819,42.35,-3.03
"948",0.996031,0.003959,1e-05,9820,41,-4.71
"949",0.99998,1e-05,1e-05,9821,41.81,2.49
"950",0.99998,1e-05,1e-05,9822,40.52,-4.02
"951",0.937407,0.02425,0.038343,9823,43.34,-5.84
"952",0.882667,0.002174,0.115159,9824,42.91,-4.91
"953",0.99998,1e-05,1e-05,9825,40.4,-3.88
"954",0.99998,1e-05,1e-05,9826,42.49,-6.71
"955",0.80967,1e-05,0.19032,9827,42.78,0.69
"956",0.99998,1e-05,1e-05,9828,42.5,-6.15
"957",0.906253,0.00443,0.089316,9830,36.97,-3.28
"958",0.99998,1e-05,1e-05,9831,38.54,-3.39
"959",0.99998,1e-05,1e-05,9832,40.54,-3.69
"960",0.990991,0.008999,1e-05,9833,40.38,-4.21
"961",0.99998,1e-05,1e-05,9834,40.51,-3.9
"962",0.99998,1e-05,1e-05,9835,40.61,-6.57
"963",0.992714,0.007276,1e-05,9836,41.25,-1.32
"964",0.996296,0.003694,1e-05,9837,37.94,-5.6
"965",0.977659,0.022331,1e-05,9838,41.83,-5.38
"966",0.990102,0.009888,1e-05,9839,40.44,-4.27
"967",0.997719,0.002271,1e-05,9840,41.13,-1.43
"968",0.99998,1e-05,1e-05,9841,40.59,-4.15
"969",0.99998,1e-05,1e-05,9843,40.53,-3.92
"970",0.99998,1e-05,1e-05,9844,42.27,0.19
"971",0.99998,1e-05,1e-05,9845,40.48,-3.96
"972",0.998551,0.001439,1e-05,9846,42.31,-3.02
"973",0.976363,0.023627,1e-05,9847,43.31,-5.7
"974",0.99998,1e-05,1e-05,9848,40.11,-5.77
"975",0.99998,1e-05,1e-05,9849,40.65,-4.11
"976",0.99998,1e-05,1e-05,9850,42.86,-0.7
"977",0.99998,1e-05,1e-05,9851,42.96,-6.1
"978",0.99998,1e-05,1e-05,9852,40.46,-3.75
"979",0.954475,0.003771,0.041754,9853,43.33,-5.91
"980",0.967357,0.032633,1e-05,9854,43.36,-5.88
"981",0.99998,1e-05,1e-05,9855,40.57,-3.89
"982",0.99998,1e-05,1e-05,9856,40.51,-4
"983",0.99998,1e-05,1e-05,9857,40.33,-3.8
"984",0.999174,0.000816,1e-05,9858,40.98,-3.8
"985",0.99998,1e-05,1e-05,9859,40.5,-3.88
"986",0.971034,1e-05,0.028956,9860,42.24,-2.62
"987",0.99998,1e-05,1e-05,9861,40.72,-3.21
"988",0.986138,0.013852,1e-05,9862,40.45,-3.67
"989",0.988568,0.011422,1e-05,9864,41.76,2.69
"990",0.962709,1e-05,0.037281,9866,41.89,-2.79
"991",0.99998,1e-05,1e-05,9867,40.94,-3.22
"992",0.996205,0.003785,1e-05,9868,41.78,2.37
"993",0.995631,0.004359,1e-05,9869,36.76,-5.28
"994",0.99998,1e-05,1e-05,9870,41.91,0.17
"995",0.99998,1e-05,1e-05,9871,40.75,-3.99
"996",0.995636,0.004354,1e-05,9873,37.94,-5.45
"997",0.99998,1e-05,1e-05,9874,42.34,-3
"998",0.998994,0.000996,1e-05,9875,43.38,-5.87
"999",0.99998,1e-05,1e-05,9876,41.34,0.99
"1000",0.99998,1e-05,1e-05,9877,43.02,-5.6
"1001",0.989215,0.010775,1e-05,9878,40.78,-3.62
"1002",0.99998,1e-05,1e-05,9879,37.6,-1.12
"1003",0.953368,0.014513,0.032119,9880,42.72,-3.44
"1004",0.99998,1e-05,1e-05,9881,40.46,-5.32
"1005",0.99998,1e-05,1e-05,9882,40.46,-4.26
"1006",0.99998,1e-05,1e-05,9883,42.1,-2.56
"1007",0.99998,1e-05,1e-05,9885,41.14,-3.68
"1008",0.991759,0.00549,0.002751,9886,42.38,1.73
"1009",0.99998,1e-05,1e-05,9887,40.4,-4.77
"1010",0.997049,0.002941,1e-05,9888,40.93,-3.31
"1011",0.991415,0.008575,1e-05,9890,43.16,-5.07
"1012",0.990762,0.009228,1e-05,9891,41.93,2.92
"1013",0.99998,1e-05,1e-05,9892,42.68,-6.96
"1014",0.667556,1e-05,0.332434,9894,42.59,0.76
"1015",0.981643,0.018347,1e-05,9895,41.78,2.57
"1016",0.997142,0.002848,1e-05,9897,40.95,-5.63
"1017",0.962249,0.022439,0.015312,9898,41.14,-3.58
"1018",0.928927,1e-05,0.071063,9899,42.54,0.84
"1019",0.99998,1e-05,1e-05,9900,37.38,-6.01
"1020",0.92231,0.022491,0.055198,9901,42.27,-2.98
"1021",0.99998,1e-05,1e-05,9902,40.71,-3.24
"1022",0.97332,0.02667,1e-05,9903,42.31,-3.1
"1023",0.9892,0.01079,1e-05,9904,40.95,-3.31
"1024",0.993866,0.006124,1e-05,9905,40.76,-4.01
"1025",0.99998,1e-05,1e-05,9906,40,4.25
"1026",0.997347,0.002643,1e-05,9908,50.72,3.47
"1027",0.99998,1e-05,1e-05,9909,50.59,3.3
"1028",0.968616,0.031374,1e-05,9910,50.68,3.52
"1029",0.995126,0.004864,1e-05,9911,47.16,4.28
"1030",0.969711,0.030279,1e-05,9912,46.67,4.55
"1031",0.233119,1e-05,0.766871,9914,47.58,5.33
"1032",0.017447,0.008996,0.973556,9915,47.45,3.94
"1033",0.953211,0.021866,0.024922,9917,46.69,4.34
"1034",0.928426,0.015082,0.056492,9918,47.43,5.21
"1035",0.550423,0.449567,1e-05,9920,48.54,4.32
"1036",0.950303,0.049687,1e-05,9921,48.57,4.41
"1037",0.507149,0.079917,0.412934,9924,48.59,4.24
"1038",0.869934,0.058998,0.071067,9925,48.91,4.52
"1039",0.939418,0.044306,0.016276,9926,48.86,4.1
"1040",0.921131,0.00852,0.070348,9927,44.05,3.69
"1041",0.904169,1e-05,0.095821,9928,44.12,3.77
"1042",0.901671,0.045212,0.053118,9929,43.92,3.71
"1043",1e-05,1e-05,0.99998,9930,43.91,4.14
"1044",0.665755,0.334235,1e-05,9932,44.12,4.33
"1045",0.224477,0.020778,0.754745,9933,43.74,3.89
"1046",0.985923,0.014067,1e-05,9935,50.6,2.93
"1047",0.966102,0.033888,1e-05,9937,50.79,2.69
"1048",0.95011,0.04988,1e-05,9938,50.65,2.99
"1049",0.777592,0.006279,0.216128,9939,31.48,-7.45
"1050",0.970273,0.029717,1e-05,9941,40.92,-8.54
"1051",0.99998,1e-05,1e-05,9942,41.32,-1.34
"1052",0.99998,1e-05,1e-05,9943,39.73,-5.74
"1053",0.99998,1e-05,1e-05,9944,36.83,-6.36
"1054",0.979079,0.020911,1e-05,9945,41.8,-3.11
"1055",0.980559,0.019431,1e-05,9946,38.92,-6.34
"1056",0.99998,1e-05,1e-05,9947,40.74,-3.9
"1057",0.996706,1e-05,0.003284,9948,41.05,-3.54
"1058",0.987129,0.012861,1e-05,9949,42.69,-6.93
"1059",0.997208,1e-05,0.002782,9950,42.63,0.76
"1060",1e-05,1e-05,0.99998,9951,51.3333,82.5667
"1061",1e-05,1e-05,0.99998,9952,51.32,82.55
"1062",1e-05,1e-05,0.99998,9953,51.33,82.19
"1063",1e-05,1e-05,0.99998,9955,54.09,60.46
"1064",1e-05,1e-05,0.99998,9956,54.06,60.48
"1065",1e-05,1e-05,0.99998,9957,53.04,51.75
"1066",1e-05,1e-05,0.99998,9958,53.33,49.48
"1067",1e-05,1e-05,0.99998,9959,53.33,49.48
"1068",1e-05,1e-05,0.99998,9960,51.31,57.56
"1069",0.980983,0.002186,0.016831,9962,40.57,15.32
"1070",0.99998,1e-05,1e-05,9963,39.18,16.26
"1071",0.99998,1e-05,1e-05,9964,38.36,16.23
"1072",0.994707,0.005283,1e-05,9965,38.38,16.22
"1073",0.984697,1.4e-05,0.015289,9966,40.28,15.65
"1074",0.99998,1e-05,1e-05,9968,39.27,16.27
"1075",0.99998,1e-05,1e-05,9969,40.18,16.45
"1076",1e-05,0.081158,0.918832,9970,46.3716,11.2376
"1077",0.18952,0.018054,0.792427,9971,46.513,11.331
"1078",0.18771,0.024975,0.787315,9972,46.513,11.331
"1079",1e-05,1e-05,0.99998,9973,46.366,11.2832
"1080",0.067211,0.015,0.91779,9974,46.3378,11.2928
"1081",0.097125,0.011264,0.891612,9975,46.3378,11.2928
"1082",0.371052,0.012511,0.616437,9976,46.2543,11.167
"1083",0.04339,1e-05,0.9566,9978,46.6297,10.817
"1084",0.20252,0.007224,0.790256,9979,46.36,11.23
"1085",0.944413,0.021313,0.034274,9980,38.62,16.17
"1086",0.96518,0.000672,0.034148,9981,38.76,16.24
"1087",0.994418,0.005572,1e-05,9982,39.01,16.47
"1088",0.978232,0.021758,1e-05,9983,41.62,12.87
"1089",0.989303,0.010687,1e-05,9984,41.62,12.87
"1090",0.39075,0.040244,0.569006,9985,41.43,23.65
"1091",0.796812,1e-05,0.203178,9986,41.59,25.2
"1092",0.710822,0.002061,0.287118,9987,41.43,23.5
"1093",0.740952,1e-05,0.259038,9988,41.7942,43.4767
"1094",0.99998,1e-05,1e-05,9990,41.8296,46.2831
"1095",0.948939,1e-05,0.051051,9991,41.2381,46.3728
"1096",0.298343,1e-05,0.701647,9993,38.6425,42.2394
"1097",0.515076,1e-05,0.484914,9995,48.14,9.4
"1098",0.497618,0.066271,0.436112,9996,48.52,8.8
"1099",0.667271,0.016188,0.316542,9997,48.56,9.16
"1100",0.614201,0.071686,0.314113,9998,48.43,8.82
"1101",0.642222,1e-05,0.357768,9999,48.53,9.06
"1102",0.772403,0.064183,0.163414,10001,48.52,9.05
"1103",0.933327,0.066663,1e-05,10002,48.53,9.04
"1104",0.282846,0.00522,0.711934,10004,44.46,25.74
"1105",0.133539,0.003278,0.863184,10005,46.11,21.95
"1106",0.803964,1e-05,0.196026,10006,44.6419,34.3814
"1107",1e-05,1e-05,0.99998,10008,41.45,70.05
"1108",1e-05,1e-05,0.99998,10009,41.45,70.05
"1109",1e-05,1e-05,0.99998,10010,41.45,70.05
"1110",1e-05,1e-05,0.99998,10011,39.8692,45.3622
"1111",0.99998,1e-05,1e-05,10012,38.9786,48.5594
"1112",0.99998,1e-05,1e-05,10013,38.7406,48.6131
"1113",0.99998,1e-05,1e-05,10014,38.6536,48.7992
"1114",1e-05,1e-05,0.99998,10015,37.29,71.3
"1115",0.224443,1e-05,0.775547,10017,44.34,21.46
"1116",0.148511,1e-05,0.851479,10018,44.84,20.16
"1117",0.010761,0.022735,0.966504,10020,49.17,16.5
"1118",0.537006,0.076231,0.386763,10022,48.0333,7.7667
"1119",0.156708,0.033012,0.810281,10023,68.8,15.45
"1120",0.638599,0.032204,0.329197,10027,48.02838,7.765567
"1121",1e-05,1e-05,0.99998,14312,62.02,34.12
"1122",1e-05,1e-05,0.99998,14313,62.02,34.12
"1123",1e-05,1e-05,0.99998,14314,61.59,35.11
"1124",1e-05,1e-05,0.99998,14315,61.59,35.11
"1125",1e-05,0.013103,0.986887,14318,61.94,34.24
"1126",0.003392,0.036747,0.959861,14319,61.94,34.24
"1127",0.007163,0.009228,0.983609,15560,61.37,61.37
"1128",0.219209,0.001169,0.779622,15591,48.3315333,14.72665
"1129",0.147498,0.003894,0.848608,15592,48.3314667,14.7158667
"1130",0.141826,1e-05,0.858164,15593,48.3314667,14.7158667
"1131",1e-05,0.01114,0.98885,18694,60.4,32.09
"1132",1e-05,1e-05,0.99998,18696,61.57,30.63
"1133",0.071413,0.006103,0.922484,19949,48.3268333,14.7181667
"1134",0.077134,0.004274,0.918591,19950,48.3268333,14.7181667
"1135",0.077197,0.0034,0.919402,19951,48.3268333,14.7181667
